event_id,name,competition_tier,region,status_at_collection,date_label,collect_maps,event_url,season,stats_rows,matches_listed,matches_parsed,map_rows,discovery_url,discovery_sha256
2682,VCT 2026: Americas Kickoff,1,americas,completed,Jan 15—Feb 16,True,https://www.vlr.gg/event/2682/vct-2026-americas-kickoff,2026,62,30,30,77,,
2683,VCT 2026: Pacific Kickoff,1,pacific,completed,Jan 22—Feb 15,True,https://www.vlr.gg/event/2683/vct-2026-pacific-kickoff,2026,60,30,30,80,,
2684,VCT 2026: EMEA Kickoff,1,emea,completed,Jan 20—Feb 15,True,https://www.vlr.gg/event/2684/vct-2026-emea-kickoff,2026,61,30,30,79,,
2685,VCT 2026: China Kickoff,1,china,completed,Jan 21—Feb 9,True,https://www.vlr.gg/event/2685/vct-2026-china-kickoff,2026,61,30,30,84,,
2766,Valorant Champions 2026,1,international,ongoing,Sep 24—Oct 18,True,https://www.vlr.gg/event/2766/valorant-champions-2026,2026,80,34,22,51,,
2776,VCT 2026: Pacific Stage 2,1,pacific,completed,Jul 15—Sep 6,True,https://www.vlr.gg/event/2776/vct-2026-pacific-stage-2,2026,85,60,60,154,,
2777,Challengers 2026: LATAM North ACE Stage 1,2,americas,completed,Jan 26—Mar 30,True,https://www.vlr.gg/event/2777/challengers-2026-latam-north-ace-stage-1,2026,56,39,39,95,,
2778,Challengers 2026: LATAM South ACE Stage 1,2,americas,completed,Jan 26—Mar 29,True,https://www.vlr.gg/event/2778/challengers-2026-latam-south-ace-stage-1,2026,60,39,39,94,,
2779,Challengers 2026: LATAM North ACE Stage 2,2,americas,completed,May 18—Jul 13,True,https://www.vlr.gg/event/2779/challengers-2026-latam-north-ace-stage-2,2026,54,34,34,82,,
2780,Challengers 2026: LATAM South ACE Stage 2,2,americas,completed,May 18—Jul 12,True,https://www.vlr.gg/event/2780/challengers-2026-latam-south-ace-stage-2,2026,45,34,34,83,,
2787,Challengers 2026: Brazil Gamers Club Stage 1,2,americas,completed,Jan 28—Apr 10,True,https://www.vlr.gg/event/2787/challengers-2026-brazil-gamers-club-stage-1,2026,97,75,75,190,,
2823,Challengers 2026: Southeast Asia Split 1,2,pacific,completed,Feb 10—Mar 29,True,https://www.vlr.gg/event/2823/challengers-2026-southeast-asia-split-1,2026,82,43,43,108,,
2825,Challengers 2026: Southeast Asia Split 2,2,pacific,completed,May 15—Jul 5,True,https://www.vlr.gg/event/2825/challengers-2026-southeast-asia-split-2,2026,93,45,45,105,,
2830,Challengers 2026: Korea WDG Split 1,2,pacific,completed,Jan 31—Apr 16,True,https://www.vlr.gg/event/2830/challengers-2026-korea-wdg-split-1,2026,120,62,62,110,,
2842,Challengers 2026: France Revolution Stage 2,2,emea,completed,Apr 4—May 12,True,https://www.vlr.gg/event/2842/challengers-2026-france-revolution-stage-2,2026,41,34,34,91,,
2847,Challengers 2026: Japan Split 1,2,pacific,completed,Feb 1—Apr 16,True,https://www.vlr.gg/event/2847/challengers-2026-japan-split-1,2026,97,63,63,149,,
2880,Challengers 2026: South Asia Split 1,2,pacific,completed,Mar 7—Apr 9,True,https://www.vlr.gg/event/2880/challengers-2026-south-asia-split-1,2026,354,116,115,257,,
2884,Challengers 2026: NORTH//EAST Stage 2,2,emea,completed,Mar 21—May 14,True,https://www.vlr.gg/event/2884/challengers-2026-north-east-stage-2,2026,221,139,136,313,,
2907,Challengers 2026: Türkiye Birlik Stage 2,2,emea,completed,Apr 4—May 10,True,https://www.vlr.gg/event/2907/challengers-2026-t-rkiye-birlik-stage-2,2026,51,32,32,76,,
2908,Challengers 2026: DACH Evolution Stage 2,2,emea,completed,Apr 4—May 10,True,https://www.vlr.gg/event/2908/challengers-2026-dach-evolution-stage-2,2026,47,31,31,78,,
2919,Challengers 2026: LATAM North ACE Masters,2,americas,completed,Apr 8—May 1,True,https://www.vlr.gg/event/2919/challengers-2026-latam-north-ace-masters,2026,44,13,13,31,,
2920,Challengers 2026: LATAM South ACE Masters,2,americas,completed,Apr 9—30,True,https://www.vlr.gg/event/2920/challengers-2026-latam-south-ace-masters,2026,43,13,13,32,,
2921,Challengers 2026: Spain Rising Stage 3,2,emea,completed,Apr 5—May 12,True,https://www.vlr.gg/event/2921/challengers-2026-spain-rising-stage-3,2026,54,36,36,91,,
2922,Challengers 2026: MENA Resilience Pulse Stage - Middle East,2,emea,completed,Apr 4—May 13,True,https://www.vlr.gg/event/2922/challengers-2026-mena-resilience-pulse-stage-middle-east,2026,45,16,16,36,,
2923,Challengers 2026: MENA Resilience Pulse Stage - North Africa,2,emea,completed,Apr 5—May 13,True,https://www.vlr.gg/event/2923/challengers-2026-mena-resilience-pulse-stage-north-africa,2026,44,16,15,39,,
2968,Challengers 2026: South Asia Split 2,2,pacific,completed,May 4—Jun 28,True,https://www.vlr.gg/event/2968/challengers-2026-south-asia-split-2,2026,127,55,55,135,,
2973,Challengers 2026: Korea WDG Split 2,2,pacific,completed,May 7—Jul 15,True,https://www.vlr.gg/event/2973/challengers-2026-korea-wdg-split-2,2026,54,36,36,91,,
2974,Challengers 2026: Japan Split 2,2,pacific,completed,May 10—Jul 26,True,https://www.vlr.gg/event/2974/challengers-2026-japan-split-2,2026,82,58,58,137,,
2976,VCT 2026: EMEA Stage 2,1,emea,completed,Jul 15—Aug 30,True,https://www.vlr.gg/event/2976/vct-2026-emea-stage-2,2026,84,60,60,146,,
2977,VCT 2026: Americas Stage 2,1,americas,completed,Jul 16—Sep 6,True,https://www.vlr.gg/event/2977/vct-2026-americas-stage-2,2026,82,60,60,150,,
2978,VCT 2026: China Stage 2,1,china,completed,Jul 8—Aug 23,True,https://www.vlr.gg/event/2978/vct-2026-china-stage-2,2026,72,66,66,166,,
3018,Challengers 2026: EMEA Last Chance Qualifier,2,emea,completed,Jun 4—Jul 12,True,https://www.vlr.gg/event/3018/challengers-2026-emea-last-chance-qualifier,2026,232,101,94,232,,
3062,VCL 26: Latin America Finals,2,americas,completed,Jul 27—28,True,https://www.vlr.gg/event/3062/vcl-26-latin-america-finals,2026,10,1,1,4,,
3063,VCL 26: Americas Last Chance Qualifier,2,americas,completed,Jul 28—30,True,https://www.vlr.gg/event/3063/vcl-26-americas-last-chance-qualifier,2026,15,4,4,12,,
2760,Valorant Masters Santiago 2026,1,international,completed,Feb 28—Mar 15,True,https://www.vlr.gg/event/2760/valorant-masters-santiago-2026,2026,60,24,24,59,,
2765,Valorant Masters London 2026,1,international,completed,Jun 5—21,True,https://www.vlr.gg/event/2765/valorant-masters-london-2026,2026,60,24,24,65,,
2775,VCT 2026: Pacific Stage 1,1,pacific,completed,Apr 2—May 17,True,https://www.vlr.gg/event/2775/vct-2026-pacific-stage-1,2026,64,42,42,106,,
2782,Challengers 2026: EMEA Stage 1,2,emea,completed,Mar 19—29,True,https://www.vlr.gg/event/2782/challengers-2026-emea-stage-1,2026,65,24,21,54,,
2783,Challengers 2026: North America ACE Stage 1,2,americas,completed,Jan 19—Mar 12,True,https://www.vlr.gg/event/2783/challengers-2026-north-america-ace-stage-1,2026,96,65,65,163,,
2857,Challengers 2026: North America ACE Stage 2,2,americas,completed,Mar 23—May 13,True,https://www.vlr.gg/event/2857/challengers-2026-north-america-ace-stage-2,2026,94,66,66,164,,
2858,Challengers 2026: North America ACE Stage 3,2,americas,completed,May 25—Jul 13,True,https://www.vlr.gg/event/2858/challengers-2026-north-america-ace-stage-3,2026,91,60,60,150,,
2860,VCT 2026: Americas Stage 1,1,americas,completed,Apr 10—May 25,True,https://www.vlr.gg/event/2860/vct-2026-americas-stage-1,2026,66,42,42,105,,
2863,VCT 2026: EMEA Stage 1,1,emea,completed,Apr 1—May 17,True,https://www.vlr.gg/event/2863/vct-2026-emea-stage-1,2026,63,42,42,109,,
2864,VCT 2026: China Stage 1,1,china,completed,Mar 31—May 10,True,https://www.vlr.gg/event/2864/vct-2026-china-stage-1,2026,62,48,48,122,,
2925,Challengers 2026: EMEA Stage 2,2,emea,completed,May 18—28,True,https://www.vlr.gg/event/2925/challengers-2026-emea-stage-2,2026,71,24,24,58,,
2934,China National Tournament 2026 Split Alpha: Pro Division,2,china,completed,Mar 31—May 4,True,https://www.vlr.gg/event/2934/china-national-tournament-2026-split-alpha-pro-division,2026,0,56,55,134,,
2962,Challengers 2026: Brazil Gamers Club Stage 2,2,americas,completed,May 5—Jul 13,True,https://www.vlr.gg/event/2962/challengers-2026-brazil-gamers-club-stage-2,2026,76,66,65,156,,
2991,Challengers 2026: Japan Season Finals,2,pacific,completed,Jul 4—26,True,https://www.vlr.gg/event/2991/challengers-2026-japan-season-finals,2026,30,5,5,15,,
3016,Challengers 2026: EMEA Stage 3,2,emea,completed,Jun 21—Jul 5,True,https://www.vlr.gg/event/3016/challengers-2026-emea-stage-3,2026,83,34,34,90,,
3039,Challengers 2026: Pacific Last Chance Qualifier,2,pacific,completed,Jul 7—10,True,https://www.vlr.gg/event/3039/challengers-2026-pacific-last-chance-qualifier,2026,20,6,6,17,,
2283,Valorant Champions 2025,1,international,,,True,https://www.vlr.gg/event/2283/valorant-champions-2025,2025,81,34,34,88,https://www.vlr.gg/events/?tier=60&page=1,e87940c375e888167d11d3932dd52ee800e7fbc3be7402396073607480c8017f
2501,VCT 2025: Americas Stage 2,1,americas,,,True,https://www.vlr.gg/event/2501/vct-2025-americas-stage-2,2025,61,43,43,106,https://www.vlr.gg/events/?tier=60&page=1,e87940c375e888167d11d3932dd52ee800e7fbc3be7402396073607480c8017f
2498,VCT 2025: EMEA Stage 2,1,emea,,,True,https://www.vlr.gg/event/2498/vct-2025-emea-stage-2,2025,62,43,43,111,https://www.vlr.gg/events/?tier=60&page=1,e87940c375e888167d11d3932dd52ee800e7fbc3be7402396073607480c8017f
2500,VCT 2025: Pacific Stage 2,1,pacific,,,True,https://www.vlr.gg/event/2500/vct-2025-pacific-stage-2,2025,61,43,43,104,https://www.vlr.gg/events/?tier=60&page=1,e87940c375e888167d11d3932dd52ee800e7fbc3be7402396073607480c8017f
2499,VCT 2025: China Stage 2,1,china,,,True,https://www.vlr.gg/event/2499/vct-2025-china-stage-2,2025,63,43,43,111,https://www.vlr.gg/events/?tier=60&page=1,e87940c375e888167d11d3932dd52ee800e7fbc3be7402396073607480c8017f
2282,Valorant Masters Toronto 2025,1,international,,,True,https://www.vlr.gg/event/2282/valorant-masters-toronto-2025,2025,71,25,25,60,https://www.vlr.gg/events/?tier=60&page=1,e87940c375e888167d11d3932dd52ee800e7fbc3be7402396073607480c8017f
2380,VCT 2025: EMEA Stage 1,1,emea,,,True,https://www.vlr.gg/event/2380/vct-2025-emea-stage-1,2025,62,42,42,104,https://www.vlr.gg/events/?tier=60&page=1,e87940c375e888167d11d3932dd52ee800e7fbc3be7402396073607480c8017f
2379,VCT 2025: Pacific Stage 1,1,pacific,,,True,https://www.vlr.gg/event/2379/vct-2025-pacific-stage-1,2025,65,42,42,107,https://www.vlr.gg/events/?tier=60&page=1,e87940c375e888167d11d3932dd52ee800e7fbc3be7402396073607480c8017f
2359,VCT 2025: China Stage 1,1,china,,,True,https://www.vlr.gg/event/2359/vct-2025-china-stage-1,2025,65,42,42,105,https://www.vlr.gg/events/?tier=60&page=1,e87940c375e888167d11d3932dd52ee800e7fbc3be7402396073607480c8017f
2347,VCT 2025: Americas Stage 1,1,americas,,,True,https://www.vlr.gg/event/2347/vct-2025-americas-stage-1,2025,62,42,42,104,https://www.vlr.gg/events/?tier=60&page=1,e87940c375e888167d11d3932dd52ee800e7fbc3be7402396073607480c8017f
2281,Valorant Masters Bangkok 2025,1,international,,,True,https://www.vlr.gg/event/2281/valorant-masters-bangkok-2025,2025,41,17,17,43,https://www.vlr.gg/events/?tier=60&page=1,e87940c375e888167d11d3932dd52ee800e7fbc3be7402396073607480c8017f
2276,VCT 2025: EMEA Kickoff,1,emea,,,True,https://www.vlr.gg/event/2276/vct-2025-emea-kickoff,2025,61,22,22,60,https://www.vlr.gg/events/?tier=60&page=1,e87940c375e888167d11d3932dd52ee800e7fbc3be7402396073607480c8017f
2277,VCT 2025: Pacific Kickoff,1,pacific,,,True,https://www.vlr.gg/event/2277/vct-2025-pacific-kickoff,2025,61,22,22,63,https://www.vlr.gg/events/?tier=60&page=1,e87940c375e888167d11d3932dd52ee800e7fbc3be7402396073607480c8017f
2274,VCT 2025: Americas Kickoff,1,americas,,,True,https://www.vlr.gg/event/2274/vct-2025-americas-kickoff,2025,65,22,22,56,https://www.vlr.gg/events/?tier=60&page=1,e87940c375e888167d11d3932dd52ee800e7fbc3be7402396073607480c8017f
2275,VCT 2025: China Kickoff,1,china,,,True,https://www.vlr.gg/event/2275/vct-2025-china-kickoff,2025,61,22,22,56,https://www.vlr.gg/events/?tier=60&page=1,e87940c375e888167d11d3932dd52ee800e7fbc3be7402396073607480c8017f
2097,Valorant Champions 2024,1,international,,,True,https://www.vlr.gg/event/2097/valorant-champions-2024,2024,80,34,34,86,https://www.vlr.gg/events/?tier=60&page=1,e87940c375e888167d11d3932dd52ee800e7fbc3be7402396073607480c8017f
2095,Champions Tour 2024: Americas Stage 2,1,americas,,,True,https://www.vlr.gg/event/2095/champions-tour-2024-americas-stage-2,2024,58,33,33,82,https://www.vlr.gg/events/?tier=60&page=1,e87940c375e888167d11d3932dd52ee800e7fbc3be7402396073607480c8017f
2096,Champions Tour 2024: China Stage 2,1,china,,,True,https://www.vlr.gg/event/2096/champions-tour-2024-china-stage-2,2024,58,33,33,84,https://www.vlr.gg/events/?tier=60&page=1,e87940c375e888167d11d3932dd52ee800e7fbc3be7402396073607480c8017f
2005,Champions Tour 2024: Pacific Stage 2,1,pacific,,,True,https://www.vlr.gg/event/2005/champions-tour-2024-pacific-stage-2,2024,57,33,33,88,https://www.vlr.gg/events/?tier=60&page=1,e87940c375e888167d11d3932dd52ee800e7fbc3be7402396073607480c8017f
2094,Champions Tour 2024: EMEA Stage 2,1,emea,,,True,https://www.vlr.gg/event/2094/champions-tour-2024-emea-stage-2,2024,56,33,33,83,https://www.vlr.gg/events/?tier=60&page=1,e87940c375e888167d11d3932dd52ee800e7fbc3be7402396073607480c8017f
1999,Champions Tour 2024: Masters Shanghai,1,international,,,True,https://www.vlr.gg/event/1999/champions-tour-2024-masters-shanghai,2024,60,25,25,65,https://www.vlr.gg/events/?tier=60&page=1,e87940c375e888167d11d3932dd52ee800e7fbc3be7402396073607480c8017f
2006,Champions Tour 2024: China Stage 1,1,china,,,True,https://www.vlr.gg/event/2006/champions-tour-2024-china-stage-1,2024,58,38,38,95,https://www.vlr.gg/events/?tier=60&page=1,e87940c375e888167d11d3932dd52ee800e7fbc3be7402396073607480c8017f
2004,Champions Tour 2024: Americas Stage 1,1,americas,,,True,https://www.vlr.gg/event/2004/champions-tour-2024-americas-stage-1,2024,55,38,38,93,https://www.vlr.gg/events/?tier=60&page=1,e87940c375e888167d11d3932dd52ee800e7fbc3be7402396073607480c8017f
1998,Champions Tour 2024: EMEA Stage 1,1,emea,,,True,https://www.vlr.gg/event/1998/champions-tour-2024-emea-stage-1,2024,56,38,38,95,https://www.vlr.gg/events/?tier=60&page=1,e87940c375e888167d11d3932dd52ee800e7fbc3be7402396073607480c8017f
2002,Champions Tour 2024: Pacific Stage 1,1,pacific,,,True,https://www.vlr.gg/event/2002/champions-tour-2024-pacific-stage-1,2024,57,38,38,100,https://www.vlr.gg/events/?tier=60&page=1,e87940c375e888167d11d3932dd52ee800e7fbc3be7402396073607480c8017f
1921,Champions Tour 2024: Masters Madrid,1,international,,,True,https://www.vlr.gg/event/1921/champions-tour-2024-masters-madrid,2024,40,17,17,46,https://www.vlr.gg/events/?tier=60&page=1,e87940c375e888167d11d3932dd52ee800e7fbc3be7402396073607480c8017f
1923,Champions Tour 2024: Americas Kickoff,1,americas,,,True,https://www.vlr.gg/event/1923/champions-tour-2024-americas-kickoff,2024,55,19,19,51,https://www.vlr.gg/events/?tier=60&page=1,e87940c375e888167d11d3932dd52ee800e7fbc3be7402396073607480c8017f
1926,Champions Tour 2024: China Kickoff,1,china,,,True,https://www.vlr.gg/event/1926/champions-tour-2024-china-kickoff,2024,55,19,19,46,https://www.vlr.gg/events/?tier=60&page=1,e87940c375e888167d11d3932dd52ee800e7fbc3be7402396073607480c8017f
1925,Champions Tour 2024: EMEA Kickoff,1,emea,,,True,https://www.vlr.gg/event/1925/champions-tour-2024-emea-kickoff,2024,55,19,19,46,https://www.vlr.gg/events/?tier=60&page=1,e87940c375e888167d11d3932dd52ee800e7fbc3be7402396073607480c8017f
1924,Champions Tour 2024: Pacific Kickoff,1,pacific,,,True,https://www.vlr.gg/event/1924/champions-tour-2024-pacific-kickoff,2024,55,19,19,46,https://www.vlr.gg/events/?tier=60&page=2,21a48a755dc429e5b9c2d97bd567601d3c8998f24ef409792c711c10d07e0a4a
2534,VCT 2025: Americas Ascension,2,americas,,,True,https://www.vlr.gg/event/2534,2025,45,19,19,49,,
2519,VCT 2025: EMEA Ascension,2,emea,,,True,https://www.vlr.gg/event/2519,2025,40,12,12,31,,
2535,VCT 2025: Pacific Ascension,2,pacific,,,True,https://www.vlr.gg/event/2535,2025,51,27,27,63,,
2648,VCT 2025: China Ascension,2,china,,,True,https://www.vlr.gg/event/2648,2025,40,16,16,40,,
2146,Champions Tour 2024 Pacific: Ascension,2,pacific,,,True,https://www.vlr.gg/event/2146,2024,61,19,19,45,,
2135,Champions Tour 2024 Americas: Ascension,2,americas,,,True,https://www.vlr.gg/event/2135,2024,30,21,21,57,,
2149,Champions Tour 2024 China: Ascension,2,china,,,True,https://www.vlr.gg/event/2149,2024,42,16,16,42,,
2143,Champions Tour 2024 EMEA: Ascension,2,emea,,,True,https://www.vlr.gg/event/2143,2024,90,41,41,107,,
