bytes,parser_version,retrieved_at_utc,sha256,source_url
97239,1,2026-10-06T16:00:33+00:00,e48f462feaf274fcf03aa6b43321e6bf690cf3c42669c637e423cc92cf49b2cb,https://www.vlr.gg/player/10053/fireballops
65174,1,2026-10-06T16:00:34+00:00,c8f33d3a204d8037599cc073bc421ef888f5879ed6664deb7696dbd542427329,https://www.vlr.gg/player/10160/izzy
61303,1,2026-10-06T16:00:35+00:00,48e5b9623275398ea3f2c98609f6739d53d3c13faced70deb3f4820eb6183e9c,https://www.vlr.gg/player/10307/marteen
60189,1,2026-10-06T16:00:35+00:00,29f894968458c7201db69560928174e9d562e2927a7e93ebd477005e809a6869,https://www.vlr.gg/player/10557/darker
69346,1,2026-10-06T16:00:36+00:00,7388a02a59d7fcc4daeff7dd7dbd8f0ea23d0ac536aba2edca2939a30ae7c267,https://www.vlr.gg/player/10698/nephh
58876,1,2026-10-06T16:00:36+00:00,8998361098897d2ae1288471506e89ae73637f392e49b1c10b65390f224b32f0,https://www.vlr.gg/player/10739/shiro
47325,1,2026-10-06T16:00:37+00:00,080f46125470f33503e995684a7c0484436db7bbcb6d9354a6a8389f0b7e12fb,https://www.vlr.gg/player/10769/nobita
68173,1,2026-10-06T16:00:38+00:00,f131609142fd505bc9c15378b8ad1b7b4f2b5cc2cf396b6703ac2eb5f9d75b8e,https://www.vlr.gg/player/10821/delb
65026,1,2026-10-06T15:58:30+00:00,c43ece8ab26fd155e442d7eb36e36886230a8519589202b4c8beaf17cde8e6e2,https://www.vlr.gg/player/109/ange1
65762,1,2026-10-06T16:00:38+00:00,4118deaeb8a5f05c6df6b9ba989f732ed88a1ce281f624b4ad39f6ab560b3868,https://www.vlr.gg/player/10971/riens
71880,1,2026-10-06T15:58:24+00:00,1d48a1678dac7f34d906b452dced04bdd952a0edcd505b7e30d18cfa7367539f,https://www.vlr.gg/player/11/zyppan
82695,1,2026-10-06T16:00:39+00:00,7ebfe94d8021743e0f1e2b193e5f7d1b0519d51b23afcbdd82a713df7a0dfc5e,https://www.vlr.gg/player/11118/skuba
62777,1,2026-10-06T16:00:39+00:00,60a79e82fc5e4ff822b82fa13c9dbe2188b4f713dd4e7cd2899e35b74aca3fb5,https://www.vlr.gg/player/11134/kicks
73012,1,2026-10-06T16:00:40+00:00,f2a16662f56bde934c804cc07d586814fc48eeea9eefe00ccb66e88a2336a215,https://www.vlr.gg/player/11218/yuicaw
70360,1,2026-10-06T16:00:42+00:00,8a0409d0126eed972e5f8f1a5a3b77804cc86acb0f3f9549ee9abec9355fe020,https://www.vlr.gg/player/11225/ethan
73775,1,2026-10-06T15:58:52+00:00,0ced0a4e0008720529fc3ebf3d7e25ee910c167efc49d1add9adf71970663e8c,https://www.vlr.gg/player/1129/rossy
65512,1,2026-10-06T16:00:43+00:00,8476339183a491932fdcc6e2cafc296fe65bc5cf6fe331b82268420e6b2055e0,https://www.vlr.gg/player/11332/ara
72954,1,2026-10-06T15:58:53+00:00,44ca5642ae7a73d3a52672e2a7074e540a9f3e561fc13953db78ee4e1f5b8adf,https://www.vlr.gg/player/1144/boo
64867,1,2026-10-06T16:00:43+00:00,73a04fb04b663348199a03a25581cbc48129592ce10dab527d0cbaef1e562cf7,https://www.vlr.gg/player/11494/keiko
65731,1,2026-10-06T16:00:44+00:00,e262a3583c0583c191f687019fc008c0de12fcf9ebe3f7fed0903ed210591d73,https://www.vlr.gg/player/11524/nicc
64568,1,2026-10-06T16:00:45+00:00,005ae083e6d42998b1213ede02a4e7c23ba46cc2f4b856517d62a4c6f3c79a48,https://www.vlr.gg/player/11527/noman
72377,1,2026-10-06T15:58:53+00:00,04d357e209d3b4bec1f04ed40fa7d4659a4f47952e4e0bbd636abf225631e6cb,https://www.vlr.gg/player/1155/buld
59028,1,2026-10-06T16:00:45+00:00,b92242d599faa45a773388c4d27f489d4f07ac54d15bc99e4a7bc4a76fb4f1f2,https://www.vlr.gg/player/11600/foxy9
64371,1,2026-10-06T16:00:46+00:00,2d13a92a19e9f761d5f34212f10c54f072be5e363d030afc021e34fb6d6ab7d6,https://www.vlr.gg/player/11704/styron
60552,1,2026-10-06T16:00:46+00:00,279a579c0063c99d51a6a72b1839dd8d12e82e88bc0928fef5a96e66de8ff417,https://www.vlr.gg/player/11737/xan
39029,1,2026-10-06T16:00:47+00:00,c1346d9b3db25f975d46e36a796af7ea4a6f1bb353cfd449907fbb2071f2157a,https://www.vlr.gg/player/11843/yoyo
64535,1,2026-10-06T16:00:48+00:00,832c56e855f5c0532970adda7d937bb3eb6cde32c57b434c8946b6b8045f2a8d,https://www.vlr.gg/player/11917/exit
71088,1,2026-10-06T16:00:48+00:00,e7c9de18b0659d5cade5132e945bc0bc9c376f520c59cf8b8d31524b058bcf54,https://www.vlr.gg/player/12098/kadoom
62552,1,2026-10-06T16:00:49+00:00,f0f86ac206855806d4b164724103ac59277605292a1fe2edb386656aa375b133,https://www.vlr.gg/player/12365/coconut
73070,1,2026-10-06T15:58:54+00:00,50d37aed87bc86382fab27329bdad641d768a02b9ad55fe1fc537cbbc0c474f4,https://www.vlr.gg/player/1265/johnqt
63159,1,2026-10-06T16:00:50+00:00,3b2d7b640d916cf0ac5098ce19d636d7bf51c30ae4b6da5bb15f9fb365ef147b,https://www.vlr.gg/player/12670/nekky
57328,1,2026-10-06T16:00:50+00:00,7b21d0c8f63218f15242b49e70cd35ed9fd8020e8e32f3d97b1ec636cee6def2,https://www.vlr.gg/player/12793/xeus
65439,1,2026-10-06T16:00:51+00:00,a33969c304e79182e9e49858a9fa22534116b78ba6d4e16daf7a780d54f68a08,https://www.vlr.gg/player/12795/crewen
72117,1,2026-10-06T15:58:55+00:00,f32dee632cac04a2418a66db5de0f81d46337f9b2b148ea5329ac07d79e06e59,https://www.vlr.gg/player/1281/molsi
65537,1,2026-10-06T16:00:51+00:00,ac4ef166231b23b7ec7b50fd08c964cb839233687af7ca3a6b41507b219e5f56,https://www.vlr.gg/player/12872/david
57104,1,2026-10-06T16:00:52+00:00,511f05417ec9803683003b4ee32aae1762221bd295627684121848c0c291a2d3,https://www.vlr.gg/player/12990/syouta
55484,1,2026-10-06T16:00:53+00:00,f4eb0eb9002b521fe72f853e3cfb8e1a6b4d10b48164df36bb9c1aa2f360a81a,https://www.vlr.gg/player/13002/akame
66135,1,2026-10-06T16:00:53+00:00,8f665a7032a08fdcc0d2ad72af7e4deacc770e356e46dd75b8f33c6445148034,https://www.vlr.gg/player/13039/meteor
68332,1,2026-10-06T15:58:55+00:00,6cc3658e8fcaa0c76539021b7b8a152a6e9dce848ecfaeea36ee18290ba9f77c,https://www.vlr.gg/player/1311/melser
61386,1,2026-10-06T16:00:54+00:00,a85a00cd484b570d90b839f214c95fae6bdcd3fd185b258ecb118292d7b7e1c4,https://www.vlr.gg/player/13258/cyvoph
76328,1,2026-10-06T15:58:56+00:00,f55f9dfc9056cf5e3a8c1a9886fb8a0726bcda97398eadfa91c14e69324dc2d5,https://www.vlr.gg/player/1369/doma
68311,1,2026-10-06T16:00:54+00:00,39cd4258cd7696ceaf2bc2e49e049be9e46187685e3a4bc3a53553d6c356ec7a,https://www.vlr.gg/player/13744/patmen
61184,1,2026-10-06T16:00:55+00:00,bf44c157cbdd3ab85c91c10b4aef4ab7578d752edbd475c03bc0518df828114b,https://www.vlr.gg/player/13768/s1mon
63906,1,2026-10-06T16:00:56+00:00,5c9c0fadee002effedcc4acb0d51f6443e73cd71f6a8489101207bea1c62bdc4,https://www.vlr.gg/player/13784/killua
58917,1,2026-10-06T16:00:56+00:00,696845ac5b88151db315340c9c929e01792e35e1441fade52f07495e0c047441,https://www.vlr.gg/player/13788/jitboys
53067,1,2026-10-06T15:58:56+00:00,e70638b6941c2c2277acfd3b6740b71bdad98fd955af08074c49f7333ca4d23f,https://www.vlr.gg/player/1395/tennn
70059,1,2026-10-06T15:58:57+00:00,4a634b3030492942ae30193d37e51ce8d8677a87ccebb9bc3312bf0346b95251,https://www.vlr.gg/player/1399/sterben
81444,1,2026-10-06T16:00:57+00:00,2d38f9c078048ac37a343952d50cfad74b59bacf90c9acfb093ff1e3ce140e2f,https://www.vlr.gg/player/14048/zerona
71161,1,2026-10-06T16:00:58+00:00,4fe55ae9434487270eb506c8ad69890789874d951088597fc366b541ac856484,https://www.vlr.gg/player/14125/spring
74224,1,2026-10-06T15:58:58+00:00,fdf7df4ae2fb201158ac433fb2a76d04b0f5b0fdf0c7e2e8619885fa7ac3b80e,https://www.vlr.gg/player/1427/redgar
65136,1,2026-10-06T15:58:59+00:00,bfcad217bdf1884a9e516e4fb73c3acae3556c1f91cfa97ad18e5bbb88321690,https://www.vlr.gg/player/1428/sheydos
74270,1,2026-10-06T15:58:59+00:00,fde54bbe02538a43dd6a198a0b0eea9f1c614925c4567d2651afa5ce4ef1c4e2,https://www.vlr.gg/player/1430/crazyguy
42319,1,2026-10-06T16:00:59+00:00,3dc5113011e848c2888fd015698abf63e94476df46926c61139a018438069df4,https://www.vlr.gg/player/14439/ffs
52178,1,2026-10-06T16:00:59+00:00,f9083f9a6a869f6d561f738bcefc495ee73c0d5750d41e0d107b76dc092aaaf7,https://www.vlr.gg/player/14441/aluba
64891,1,2026-10-06T16:01:00+00:00,09ed9d2db2f86bfb7d19af46edc283afc13dcfa28c9ea3f53f385098666f8c99,https://www.vlr.gg/player/14681/kamo
69113,1,2026-10-06T15:59:00+00:00,0b343f0ae343762928a48282fa5fb4c661e1f9123b39adc3a1ca05f67e5cbe8a,https://www.vlr.gg/player/1470/simond4rk
69125,1,2026-10-06T15:59:00+00:00,ce30528fcc32b544cd71e19f5e8021538dff952eb36923af0246fedbd48dbf38,https://www.vlr.gg/player/1475/kamyk
61908,1,2026-10-06T16:01:00+00:00,63fc4e83922d5484bce9de1db7000a429055ef939db45931354633fb2b0bf75d,https://www.vlr.gg/player/14950/gobera
77281,1,2026-10-06T15:59:01+00:00,4881ace80ba79227a63ff5806246f09d6d82d0053cce01f4d5c5dd1ad0053db1,https://www.vlr.gg/player/1533/derrek
54626,1,2026-10-06T16:01:01+00:00,3e5362ba954204cd6f4e13f98da6fb489e2c58fb9d77e4bce101c493bcde46eb,https://www.vlr.gg/player/15361/swag
69308,1,2026-10-06T16:01:02+00:00,8c3f91a70e9d8b554b5e110ea7a36e4e7127e0733bc2d28fcadec2d54ad2ce5f,https://www.vlr.gg/player/15500/trent
71656,1,2026-10-06T16:01:02+00:00,0841e13e7f1e6b6cfb779557950b24d94660d93655ab0b40e6a0b894ee52397f,https://www.vlr.gg/player/15559/chichoo
85526,1,2026-10-06T16:01:03+00:00,18978d476e84329ad18310697922f0126daa96f208124c526baf59e7e0292f20,https://www.vlr.gg/player/15639/chloric
61203,1,2026-10-06T15:59:02+00:00,a83b864f506de4cacf93d574a1a63c5e7d6942d66329b4ac6a24b96c53b7f12f,https://www.vlr.gg/player/1566/prozin
62191,1,2026-10-06T16:01:03+00:00,67b19ada8128a30631a1531a5fe7e9dd6f5d25147b9f41df8083081a4089746f,https://www.vlr.gg/player/15735/krostaly
64140,1,2026-10-06T15:59:02+00:00,47536569d49073bd6f1aa5f5f4ccf4edf024b36549e95f758023dda04816310a,https://www.vlr.gg/player/1575/qck
59456,1,2026-10-06T16:01:05+00:00,f23c6aa1bd1c61b1544c9e4a521c649c218639de69d4f66018fcd5c58c6e2fcc,https://www.vlr.gg/player/15897/apinya
62887,1,2026-10-06T15:59:03+00:00,4e92655e841902853fbc021d9022aaeb3a63a2f9e95521619423e04a3f4e6bcb,https://www.vlr.gg/player/1618/spyzera
60871,1,2026-10-06T16:01:05+00:00,58af9e828650a1c3ef489daec23aea44588875a6ee71bc33f06df6632aeed68e,https://www.vlr.gg/player/16209/famsii
58349,1,2026-10-06T16:01:06+00:00,5d5b2d27a18ac8d6225924dfbfe95304308a090a76db53618bf3b5724e1cd763,https://www.vlr.gg/player/16215/dos9
56195,1,2026-10-06T16:01:06+00:00,ec05f765c6983e148a29b1185781752e85bb091d78cf2ef6ef8ef34f3589d34a,https://www.vlr.gg/player/16852/nakya
52094,1,2026-10-06T16:01:07+00:00,03d081a77527955d1f2e2bdef75311d18520f44f746f5daac3a689b9e3b9c76a,https://www.vlr.gg/player/17049/hermes
65018,1,2026-10-06T16:01:08+00:00,d5b8c5dc63bba35103122126a5bead7474e03eaa116ee100b91b5ba9d041a62f,https://www.vlr.gg/player/17086/something
56807,1,2026-10-06T15:59:03+00:00,b5f1159add3c25074ff0e100b7b531d7e247249d8558d7cd65c1301aa8264778,https://www.vlr.gg/player/1743/blazek1ng
92684,1,2026-10-06T16:01:08+00:00,c257df6b03cdb3e4d21a34f52d3fe4444cda81dcfcf27ae498be05149fc592c9,https://www.vlr.gg/player/17770/alvinboy
78956,1,2026-10-06T16:01:09+00:00,32fb6685a8b7c6eec8875024791b14bbfb363500112a1f1b6fde1b263ca44283,https://www.vlr.gg/player/17976/florescent
57256,1,2026-10-06T16:01:09+00:00,b2d7517b389862101cd695b7071209eff809d5b44682c078afcd113d7c8dc7c1,https://www.vlr.gg/player/18162/serial
71954,1,2026-10-06T15:59:04+00:00,18434e97779c32cb4153bf600f420cca649715d22ccffaba4bbc4e9d746f2634,https://www.vlr.gg/player/1818/tex
60693,1,2026-10-06T16:01:10+00:00,5b204b9d5307ad487655c7387801a653fc6d4ac9c408c2eac61a90e9080517fd,https://www.vlr.gg/player/18350/miniboo
59476,1,2026-10-06T16:01:11+00:00,33e2c7cf40d8f6b7f8100f7f644c839211475d923484bdc9a90627f607cefc4f,https://www.vlr.gg/player/18400/bipo
55142,1,2026-10-06T16:01:11+00:00,3af25bb09d03e994eb3f681b8f9295e4f047a102239f70057d3ff03905c46bfe,https://www.vlr.gg/player/18677/ruxic
63032,1,2026-10-06T16:01:12+00:00,5d7d35ce29986374bcb8aa60b53c7c7decc4b66ab6eb5323cf8b7980fc89d93c,https://www.vlr.gg/player/18796/oxy
69871,1,2026-10-06T15:59:05+00:00,439d3b77065c6e90cac7e745f7dbac9dbe08b4486c9708340d58d10cd109c244,https://www.vlr.gg/player/1885/purp0
57915,1,2026-10-06T15:59:05+00:00,e3cdc53b945c7a98992b505cbdd0ce39a450409181f3c9b3cf25da8c2c4e8376,https://www.vlr.gg/player/1916/free1ng
66447,1,2026-10-06T16:01:13+00:00,96b9bd63b133f9f116ab2f2c0f7740bbcd71e98a533472c7c4fce398c5188473,https://www.vlr.gg/player/19530/aaaay
68577,1,2026-10-06T15:59:06+00:00,762bd3cb4d76456ab4d51844e566c4e375b52a8e92efa05c87a253ce71d86943,https://www.vlr.gg/player/1960/eko
90542,1,2026-10-06T16:01:13+00:00,4a6be5e3e1a516e78860453380458d5dc6033456c7b228fbfbdc8bbbdf98b50b,https://www.vlr.gg/player/19677/lucas
62132,1,2026-10-06T16:01:14+00:00,c9a06f0fa4c8361914b0ffda0eb99484401956363e6c044f2855a6b4271c01f7,https://www.vlr.gg/player/19691/tomaszy
60220,1,2026-10-06T15:59:06+00:00,b2613a73d39a1019347850dfe10878498eae059b29d555043b9ba76b9b7674a7,https://www.vlr.gg/player/1970/neth
61163,1,2026-10-06T16:01:14+00:00,5dd5c573ff7a2c92067a2e9078cf326a7a2f41ca3fcab41e3f458f8d287fe317,https://www.vlr.gg/player/20140/vora
63207,1,2026-10-06T16:01:15+00:00,c4dd7fa27dee553dba1a62702b54c2e7f68558d2eb0dbf1ae86449fccf5a0c4e,https://www.vlr.gg/player/20144/lewn
56651,1,2026-10-06T16:01:16+00:00,c2cf9f583828863994f94b5d5a903ff07a7740ed3609bcd310428e29aba13c88,https://www.vlr.gg/player/20240/xenom
84219,1,2026-10-06T16:01:16+00:00,bb22a0149bab9601212a73adf19586287a4fdee309d9d9f9ea25b58c3c2903ae,https://www.vlr.gg/player/20957/stunna
93186,1,2026-10-06T16:01:17+00:00,ca05be2b45539487fc18ddfe320d5e4c880cb2039b8139de0a4f8910bce8db81,https://www.vlr.gg/player/20959/toozy
57456,1,2026-10-06T16:01:17+00:00,abf7d8364b73c936204cb333bb538230d7a40aaeaecc992a55c13313e9992ca2,https://www.vlr.gg/player/21216/f4ngeer
50728,1,2026-10-06T16:01:18+00:00,70d1fe938043133478adafe36d91e13bdc4b14d953a04b9275c48d4b20a862e4,https://www.vlr.gg/player/21251/blowz
59910,1,2026-10-06T16:01:19+00:00,b3db7e7b746308fb561fa4dcc52cc6a157a32abb402de463c96a52e3b39c19c0,https://www.vlr.gg/player/21328/wo0t
46708,1,2026-10-06T16:01:19+00:00,0028ab268783c649a53a529ea702b7204ad56d0a837e05e99d0cbcd8b40cd301,https://www.vlr.gg/player/21438/ssees
52501,1,2026-10-06T15:59:07+00:00,fbd9272847394899be57a869a72012625c4081eb339798c7cfeda8d6912f634e,https://www.vlr.gg/player/2149/c1nder
61790,1,2026-10-06T16:01:20+00:00,4ebc674678265411a80daa7dc01b911ce217220abce61b9203fe5daee6867f36,https://www.vlr.gg/player/21610/runner
89111,1,2026-10-06T15:59:08+00:00,b961f08fb9657a25c7588f74b9355d4585dfa35dcf4c890faf471157e6c5ef56,https://www.vlr.gg/player/2164/paincakes
58789,1,2026-10-06T16:01:21+00:00,7b2271ee7045385516b6b1b099c401656b7cf2123e5a30d7efbe60e5c35a93e5,https://www.vlr.gg/player/21659/sato
49460,1,2026-10-06T16:01:21+00:00,4e7d6ec519afbddd6ec64ada486bbf0779a7babb0a2377a67ac66bbe6c683654,https://www.vlr.gg/player/21661/spike
74422,1,2026-10-06T16:01:22+00:00,a42f2f797d2edd41084852bfc760b53d46d9066929bc181cad78c36da9ced63f,https://www.vlr.gg/player/21668/verno
65102,1,2026-10-06T15:59:08+00:00,e7fb86c9564cf6d836f1528341dc932511a0f247171d2bda3f851b5165f380aa,https://www.vlr.gg/player/2168/trexx
60558,1,2026-10-06T15:59:09+00:00,8dfef296e64ab068d6fe24182c101c96ba36821aa8809484f4fbceb09d13d12a,https://www.vlr.gg/player/2170/babybay
89190,1,2026-10-06T15:59:09+00:00,8f7fcb0838e2b3f3c3df5239a8ae9cbc2416885acb621e589f750a8ef5748d08,https://www.vlr.gg/player/2172/brawk
68631,1,2026-10-06T15:59:10+00:00,9fe87705bf4940ea3e2448c9a8043196294dd861a9079152aa890a9d69607756,https://www.vlr.gg/player/2173/magnum
48515,1,2026-10-06T16:01:22+00:00,383475891c2e587243babb9643aab96871c63ef632c712abcceb0eff3d7efbf1,https://www.vlr.gg/player/21778/p0ppin
67557,1,2026-10-06T15:59:11+00:00,f98a6d294b7e53aa99b3e8e95b9d366984409066abf7f5c401a676cdf3ec6ca0,https://www.vlr.gg/player/2190/baddyg
58183,1,2026-10-06T16:01:23+00:00,0462c5a1a938e470c530d6e068cd4a9fcab2e6e0862cda994e64db9deeb02361,https://www.vlr.gg/player/22047/rarga
54597,1,2026-10-06T16:01:24+00:00,782f819919abf5b4e73261c850331fd305ab8d9190323a1889addb5479c59530,https://www.vlr.gg/player/22964/forbanz
57266,1,2026-10-06T16:01:24+00:00,eafac61cf1858c93adc924a185891e705bcd51b05f7250dc04916d18cd8808cf,https://www.vlr.gg/player/23062/surf
63137,1,2026-10-06T16:01:25+00:00,3abb6356555172683c930689876904ac8d852d2e1d4d9319d68850a06847c7ef,https://www.vlr.gg/player/23169/minny
49419,1,2026-10-06T16:01:25+00:00,0a2193069f007460eb802b8044bf82ead0eefe98d8572aac4ca6d5d7e8e3e678,https://www.vlr.gg/player/23365/koshmaras
47308,1,2026-10-06T16:01:26+00:00,537dcc92017da5ad3a0150f51bc84de554229b2661a928462226cc78805ecad8,https://www.vlr.gg/player/23930/potter
46474,1,2026-10-06T16:01:27+00:00,abc8a536c37660ff40b4fa14e4431975e1090e9dbfee0aa412375f142864bf17,https://www.vlr.gg/player/23971/ask
58561,1,2026-10-06T16:01:27+00:00,dc418e78088a6f82321f2a461b8d9746e19e54f912314783eb3032c4f6f8e289,https://www.vlr.gg/player/24007/shyy
70678,1,2026-10-06T15:59:11+00:00,3b40b74a420569175e34ed406c54401efed01e0e45ad9b7b2578294b1ad7361f,https://www.vlr.gg/player/2408/tuyz
63448,1,2026-10-06T16:01:28+00:00,3647c4d77ac2e82b632411f38b4d2c7915c6acf1002816ee1076e90f24ac65c8,https://www.vlr.gg/player/24228/smoke
52965,1,2026-10-06T16:01:29+00:00,71970c8eadcd0f2450e83324f030aa2d418c352ea82dd59944d2553b739396ee,https://www.vlr.gg/player/24308/wsleo
57168,1,2026-10-06T16:01:29+00:00,399d375037a75970387ce75c9bff7dd2f07172d99c1e5e15732e34f67458e5cf,https://www.vlr.gg/player/24344/loita
62505,1,2026-10-06T16:01:30+00:00,f88107e7b129cf2214b877eab5957a86208cbc96203730854771e314fc0860b3,https://www.vlr.gg/player/24424/pa1ze
82845,1,2026-10-06T16:01:30+00:00,48ba593dfd996be61e86883f5f000485240d1427a148cf1447e463fa753e9781,https://www.vlr.gg/player/24553/boni
64628,1,2026-10-06T15:59:12+00:00,06ec0320fcc2ee1b931744bd80478a9454623f445815575b07328e27d5ff2072,https://www.vlr.gg/player/2462/keznit
69929,1,2026-10-06T15:59:13+00:00,cb4d52ee871e8ff6b406b62c1d12a78d19f0323720391ba05b471d07be1041bd,https://www.vlr.gg/player/2489/munchkin
62062,1,2026-10-06T16:01:31+00:00,90466ae6ee133d988b1dd18ac58c74537b493f99057a77455450c8ed28ca3624,https://www.vlr.gg/player/24895/jemkin
53338,1,2026-10-06T16:01:32+00:00,84b3c77c9def14bef041ffcdb5c468092566fef2b62424737b1cb5f39b794028,https://www.vlr.gg/player/25017/ash
49249,1,2026-10-06T16:01:32+00:00,40fa64279a64838ceba9ba5583a597f0d2ead406e9549fe9329189d44ad4e9fa,https://www.vlr.gg/player/25053/wolverine
46254,1,2026-10-06T16:01:33+00:00,ec76d69c4353090f43bb9c8b72bd9b74fa2856a1a507ec497f7f4209016d7d06,https://www.vlr.gg/player/25089/cabeza
72868,1,2026-10-06T15:58:30+00:00,5c35abf9276f64669757d5e5290c88c0dcf64ba2af7302a24c2d27f6d1b3a228,https://www.vlr.gg/player/251/b1sk
67049,1,2026-10-06T15:58:31+00:00,54c2731a1b51cb219e5b88a7d93b29ac297bde309c0363dc18721b8156b93c3b,https://www.vlr.gg/player/252/d3ffo
56232,1,2026-10-06T16:01:34+00:00,25fd7eac26eff0cd769dc5a355275e693c44bae91f83c75503717ee277dd2ec5,https://www.vlr.gg/player/25221/xdll
51482,1,2026-10-06T16:01:34+00:00,7e5c3806a513d2995c29dd1ce349b7988245d4ef65f501447c73fe10fbab8b9f,https://www.vlr.gg/player/25255/primmie
54457,1,2026-10-06T16:01:35+00:00,4a4de7d2c92210cede2e0d110b441f41f550cd62c318b5342d46627e241c14cb,https://www.vlr.gg/player/25494/shr1mp
54331,1,2026-10-06T16:01:36+00:00,0fb662142b217417b5c83ebd0abb1c11eaf94703d8b0ee3b05ef749f6f500c0b,https://www.vlr.gg/player/25743/raafa
53623,1,2026-10-06T16:01:36+00:00,045f3ab60708b8c6a5bf40646e907f84b499866f9f37d31ac1a3660040899bb7,https://www.vlr.gg/player/25858/sw
46440,1,2026-10-06T16:01:37+00:00,dfd12f5312660c9c169623c06ce9cf838963562e28e1aab900bd830d0559f432,https://www.vlr.gg/player/25915/brian
63626,1,2026-10-06T15:58:32+00:00,643533261d06295606434a196519c0b71828beaf311602d2591a228b19ea6cb6,https://www.vlr.gg/player/261/victor
59893,1,2026-10-06T15:59:13+00:00,d799754661464855784cb9154613b5dca48b7875bb58bd20b8fa38e05b857cc4,https://www.vlr.gg/player/2610/klaus
50474,1,2026-10-06T16:01:37+00:00,4283b84bf7b429e48ad31f33ec6864378a8c5378f6e6a8a8942e8d94dda16ec5,https://www.vlr.gg/player/26102/bethany-davie
51236,1,2026-10-06T15:59:14+00:00,ffb9ac1420576b64e6ccfb2f55bff5b27d2d04ed37ac692be37b8482b23be1c4,https://www.vlr.gg/player/2615/clz
63974,1,2026-10-06T16:01:38+00:00,395dc6ab0ef0d3aef556841cdefd124cd72c93ead14112f6a03cd470f88d5ce6,https://www.vlr.gg/player/26171/demon1
61414,1,2026-10-06T15:58:32+00:00,f6c2fe399d47feaef0cdb9b9a78130717faf21798cd57c8b062b208e67c831f9,https://www.vlr.gg/player/263/marved
74944,1,2026-10-06T15:59:14+00:00,3c579b3ceaf27e9cc39b2a67bba2caa2496ea4bf3b573ca9cc08f5fcccaba1c3,https://www.vlr.gg/player/2653/jesse
94888,1,2026-10-06T16:01:39+00:00,df2164ca3c5f42556baa26d543d9e839b3d8be84f723bbbefcebdd3f65ee0fe4,https://www.vlr.gg/player/26848/zeek
60764,1,2026-10-06T16:01:39+00:00,564389ce0df67639c08c07e1647467a67090703e358be5d9ae9d0102c3b29bd3,https://www.vlr.gg/player/27149/brinks
56873,1,2026-10-06T16:01:40+00:00,8b016c9fda4413c58ad2647807504c59aea7253cc43ff903a3484d1bfba88e9b,https://www.vlr.gg/player/27244/seph1roth
42897,1,2026-10-06T16:01:40+00:00,c33f1e5ba51b8ebfdb8250f64da4a0a03ea6458ddbbe1b5ee99dc0b88edc4fbc,https://www.vlr.gg/player/27384/jaxe
52610,1,2026-10-06T16:01:41+00:00,2e11bd4e1e06a178c2f17d32cac581d9460465bc09e87128f508f177a7398970,https://www.vlr.gg/player/28400/hyunmin
72905,1,2026-10-06T15:59:15+00:00,ad2db40f84d1a428d682118aa8cf7a2730c1afec996a5caa062973c5053a5c05,https://www.vlr.gg/player/2858/suygetsu
52037,1,2026-10-06T16:01:41+00:00,1990da9e2a401552b1178e3c1e39c70104abae2f955b86c93e285a030f78fa48,https://www.vlr.gg/player/28716/lukxo
55872,1,2026-10-06T16:01:42+00:00,062c29c44c6068cddfce150ed13eaabcddf786831d8cc95f8d712b7271836af1,https://www.vlr.gg/player/28948/ninja
97252,1,2026-10-06T16:01:43+00:00,8cd8f2b0ecb75f4952ab81b72b105789a46a005b50f6627f33f6d79ff4e0d532,https://www.vlr.gg/player/29074/sonofcar
86444,1,2026-10-06T16:01:44+00:00,7737cd37870bbd1ae001b0a1549620564f3ba58fd2472d3bed6f89f733b78e2e,https://www.vlr.gg/player/29076/satellite
53937,1,2026-10-06T16:01:45+00:00,23ad316a0e65675edf1830ae254a87c312637421ee3f102cc5d7b10d029657d9,https://www.vlr.gg/player/29242/erde
53468,1,2026-10-06T16:01:46+00:00,3d40f4bb487528b871ada7899ec3bfc902a39b53115697b42bcd94fe1f3098e6,https://www.vlr.gg/player/29243/neon
60976,1,2026-10-06T16:01:46+00:00,409d765fae3cb495214d90ad297f5f6568072cd420612b99af1707cc4e2e7da1,https://www.vlr.gg/player/29559/javelin
56589,1,2026-10-06T16:01:47+00:00,4b1f5399d934a39291c8c8b456bf02068a1d1b831bdac2a0bc5d7b391fc67e3d,https://www.vlr.gg/player/29833/izu
49875,1,2026-10-06T16:01:47+00:00,a0efb4dfccd21943a41d19005e52ed7a9fffe59c828a4e88838e8011929c7658,https://www.vlr.gg/player/29839/tenten
48998,1,2026-10-06T16:01:48+00:00,01daa0982ad439fe1543cd07d8882aac1f20712e923f1e1ea54dc8b9be0270c8,https://www.vlr.gg/player/29841/caedye
49026,1,2026-10-06T16:01:49+00:00,9686842282232f2db76b25347d46ad0b1974d61369b77ab279635fd327281493,https://www.vlr.gg/player/29843/yatsuka
53953,1,2026-10-06T16:01:49+00:00,65aeb6432db841c7131845fa39b2b3cc0c1f2dac149e427c5e10e6e0afe4d3a3,https://www.vlr.gg/player/29867/hiro
61123,1,2026-10-06T16:01:50+00:00,cc2456b5cbb77236b4bc97f80c1333dcba33d6cdfe86ff7e218e3f78198ab381,https://www.vlr.gg/player/29873/benjyfishy
68249,1,2026-10-06T16:01:50+00:00,ec80e348decc022755bff6407ebed9aaa2da2c822743eec1e6b1a92da5fe0db4,https://www.vlr.gg/player/29893/timotino
91094,1,2026-10-06T15:59:16+00:00,e6d72d04dd61c08e2aa037eb49f09db1a5d2f0ef0b3faf7dcf70100f3aa25a53,https://www.vlr.gg/player/3007/tdawgg
70849,1,2026-10-06T15:59:16+00:00,3280888758a6e1e1ee68fff71955cc702d3370ab6c93a99a5c26cd1d5b1c16b5,https://www.vlr.gg/player/3017/nobody
72834,1,2026-10-06T15:59:17+00:00,a9008e30d3c4448a5b9f377c1ddce798ebc386476d9d800144ced851bb15b681,https://www.vlr.gg/player/3028/life
31282,1,2026-10-06T15:59:17+00:00,59e382f90e68930ca897ec698777d14d7cf20cfc61009ab6e81277156e5d6e43,https://www.vlr.gg/player/3031/septem7
64493,1,2026-10-06T15:59:18+00:00,e50901b260d2844e83d299d85bcbe8efdf6a96a7b517c0717c1006864940dedd,https://www.vlr.gg/player/3045/luok1ng
68341,1,2026-10-06T16:01:51+00:00,2706b43fed9b124e68d60bfcf131f64690a40939f369a8252ceac1dbdf905908,https://www.vlr.gg/player/30470/kyu
66743,1,2026-10-06T16:01:52+00:00,d87057c8267a4930ad841d98ee8777cb463d91bba9e1d218a2ea2798db2c271d,https://www.vlr.gg/player/30556/exa
58126,1,2026-10-06T16:01:53+00:00,8d131a06815a287c911d3caebb35e3cae4a2c2438da27856af3f929dc1fdc502,https://www.vlr.gg/player/31305/lar0k
34214,1,2026-10-06T16:01:53+00:00,4e9269a91b1d361be10e09304c2d7a89760b12fbc35a3ee42859b56948cda8bb,https://www.vlr.gg/player/31376/tarik
48207,1,2026-10-06T16:01:54+00:00,e3deb9ff1ba33c51498b690b9619fb93b4762eb7dae16bbf9638e884901ee590,https://www.vlr.gg/player/31476/mephisto
56618,1,2026-10-06T16:01:55+00:00,f76a39f9ed4eaf6a8d5f325fb24e0a605187870d41fc2382ccbeeaf7d02a73c9,https://www.vlr.gg/player/31632/zenox
54175,1,2026-10-06T16:01:55+00:00,1c8ca6688f6716e4a0d5ad23668d32ab444d3f02539f573d6008393ca43eb2d2,https://www.vlr.gg/player/31753/spiritz1
55643,1,2026-10-06T16:01:56+00:00,b20d2d96073be9b42bc319f8768c97a5c69a9a8a780b5c9d874604253fa5a7a4,https://www.vlr.gg/player/31827/dambi
55638,1,2026-10-06T16:01:57+00:00,4151f032c6ef5e27c0e14587682285fe73e317532aa073c100761163841e93cf,https://www.vlr.gg/player/31828/francis
56036,1,2026-10-06T16:01:57+00:00,15a97b57bb68e40e1926f39b3b89acc386b828fd95f77edc6a2db707aad6c149,https://www.vlr.gg/player/31829/ivy
68200,1,2026-10-06T15:58:33+00:00,8488701a47ce0b54ee4509ab1b860aab6294a6280dc69b8e8ace8df5aa473eea,https://www.vlr.gg/player/321/chiwa
45812,1,2026-10-06T16:01:58+00:00,a22e591b847b35e898a8b6f179e779b5e39075e7b41c67f04fdcc9841c638ea7,https://www.vlr.gg/player/32183/dannyy
61504,1,2026-10-06T16:01:58+00:00,32512c707a5a7559f1df918d95556101e30c54904a882f4c258c6a20a9d311a2,https://www.vlr.gg/player/33358/shinnok
50971,1,2026-10-06T16:01:59+00:00,b5a2da0e3613d4ecfa875a8fe1afa3f8442ff1f92ee959cc6a1fccb481cff17b,https://www.vlr.gg/player/33570/chubizin
52095,1,2026-10-06T16:02:00+00:00,e11abfee96bc8ecf1c309536a7927bfc62e04d75ea388f6c3c427c896f8c59a0,https://www.vlr.gg/player/33902/sayonara
77769,1,2026-10-06T15:59:19+00:00,309b424b2707da39e1be878219b3f240f24f7054be19a4f0cf5313eaed1b954b,https://www.vlr.gg/player/3401/ptc
72405,1,2026-10-06T16:02:01+00:00,368161b412c81808273913c5d9e68390b92fb369b9cfae262672bd724cdc7fce,https://www.vlr.gg/player/34057/jerrwin
62548,1,2026-10-06T16:02:01+00:00,cc8a6e03beab1738cd8ea081d9597562ed40d0a6585e7a1257782d71e6799592,https://www.vlr.gg/player/34400/bao
54356,1,2026-10-06T16:02:02+00:00,08de81191c67bc91d117215bf08263c20ec6b984e336f8fa021f47c552978632,https://www.vlr.gg/player/34684/westside
40846,1,2026-10-06T16:02:03+00:00,e82159a977a13accdb8d05af1a3f85ee05bf7e6e6b665e072efae9d107cfb890,https://www.vlr.gg/player/34775/sota
50127,1,2026-10-06T16:02:03+00:00,d0970fd9275dbf0a967c2e25fbb752e3815808d24977d66a43045cff98d251ae,https://www.vlr.gg/player/34776/absol
45325,1,2026-10-06T16:02:04+00:00,b68a840da3d0d175aa91d16df06684bd49db3936eafdffe84bb309c3a9c737c6,https://www.vlr.gg/player/34785/yowamu
47628,1,2026-10-06T16:02:04+00:00,9f8be72a0694edb11126fe463e4cb3b1cb8050316a5bb0e77a2a09dfd1b8905a,https://www.vlr.gg/player/34926/oonzmlp
56113,1,2026-10-06T16:02:05+00:00,54b3764356238408c80d6b8b986ae1caa2d5569dfd346f6f93b9123da6230404,https://www.vlr.gg/player/34974/karon
32722,1,2026-10-06T15:59:20+00:00,b0969087dd8c3a8e1b7b0677509f7628718d675bea20587830c54b8d97761530,https://www.vlr.gg/player/3518/cxyy
58776,1,2026-10-06T15:59:20+00:00,57948acd4241a13cc78c7396df3f6bb0a09c8d183eef5332426749ae629e6304,https://www.vlr.gg/player/3519/jkuro
76468,1,2026-10-06T15:59:21+00:00,5eea7fcf1ff80114ae986e0640ee0e59f8ae54939e82ec02e7e3d5254bdde36a,https://www.vlr.gg/player/3520/zmjjkk
43374,1,2026-10-06T16:02:06+00:00,38ffd64ed7dc771ab3740528018a1986276e620bd83b10b8f3c575e9728702f0,https://www.vlr.gg/player/35302/eggsterr
59570,1,2026-10-06T15:59:21+00:00,232017e0a5640f054f499e69e1d04f879301798d2df170c1810f12cf6924823b,https://www.vlr.gg/player/3547/ninebody
45679,1,2026-10-06T16:02:06+00:00,5cf675324a2ff83176b237ffdc4c4607b7001b076be0ae0c032946cf3b0b10bb,https://www.vlr.gg/player/36070/zimo
59497,1,2026-10-06T16:02:07+00:00,76496e409b0625c1950c02d548f4cfd8bdaa66d3cbdf639858df4bbd27243ee5,https://www.vlr.gg/player/36245/n4rrate
29759,1,2026-10-06T16:02:07+00:00,1bfef9601fcd15b57de6efda5a47dcccad915d7ceee24680c9955fe127fb1aa1,https://www.vlr.gg/player/36513/guran
41260,1,2026-10-06T16:02:08+00:00,586bd23297b8376a14f131349dcf3dfd5f269250731688d54a815a8753dcdd34,https://www.vlr.gg/player/36670/obone
56454,1,2026-10-06T16:02:09+00:00,02ba752f8b9c81a56d9d95c53703ef9fe531250fcc3d4f0e800436b171f2f0cf,https://www.vlr.gg/player/36685/splash
58465,1,2026-10-06T16:02:09+00:00,6bfd7e44ea08393a73ae462e7a31d02e50c6ac88fb93bffd3df06758a87cf1b8,https://www.vlr.gg/player/36748/czester
93353,1,2026-10-06T15:59:22+00:00,33ffb819f7cacd184f552b93a40cd13b1f380f2d1f647471a3e6af9ccfa5c6fc,https://www.vlr.gg/player/3685/flyuh
53250,1,2026-10-06T16:02:10+00:00,7ee923affced1a2f12c6c1846501862a0005fffa9328a69628bfaee2715c5407,https://www.vlr.gg/player/37105/loss
78364,1,2026-10-06T15:59:23+00:00,f2e54554f4feeff40ba2d46304e70cf19e36fbafc99b56cd74a9615298106541,https://www.vlr.gg/player/3722/koalanoob
49405,1,2026-10-06T16:02:11+00:00,9e5e6270787398d0eeeb827ba2db6e5b040fe5890b6cfefc35bd7a8efd1883f4,https://www.vlr.gg/player/37354/basic
75054,1,2026-10-06T15:59:23+00:00,41192dd5c17d68ee1a9dae8b7490d901e401c602614a008e94414c1d5cf79f93,https://www.vlr.gg/player/3741/vo0kashu
60373,1,2026-10-06T16:02:11+00:00,44967f58d90f1fe8147935903498a2c880081edd7183b547ed2aff690aeb68cc,https://www.vlr.gg/player/37489/lysoar
55848,1,2026-10-06T16:02:12+00:00,16972cfda445efcc12af8b11be25c5462c1192b501c91ae2dfc950dec9e72138,https://www.vlr.gg/player/37494/kai
45789,1,2026-10-06T16:02:12+00:00,d011c855aa07c0b13e09dada11f093c6014e238f273019259596ebb9bc6974cb,https://www.vlr.gg/player/37532/zexy
55504,1,2026-10-06T16:02:13+00:00,4d16728e0c39f77b99d30ca4e6c2ec4629cc17bb37a27ca5ac43f3cf4baeb031,https://www.vlr.gg/player/37925/kolosha
56921,1,2026-10-06T16:02:14+00:00,5454078762b93292ed4b4c81a486155b3c9b2afa63b589f6d6166961c2905a71,https://www.vlr.gg/player/37927/happywei
68729,1,2026-10-06T15:59:24+00:00,c7dfb22e3f09c44b17343988184ceacbd8b24b53d82be0840629bad0e726bed9,https://www.vlr.gg/player/3828/tacolilla
64524,1,2026-10-06T15:58:33+00:00,3216f1932c58b1caa0af01164237cb4cc9245ae7526941b272a307e17b2b698b,https://www.vlr.gg/player/384/shao
76362,1,2026-10-06T15:59:25+00:00,cbfa6527e3e3ab46f9f117d8ab49966598978aa082d51ba0199e35dc614ae15d,https://www.vlr.gg/player/3880/bang
82538,1,2026-10-06T15:59:25+00:00,03dc27bd7bbcbd1baf5aa0ea118e20d302e84c939e43714007b3ad9efe2a78da,https://www.vlr.gg/player/3885/valyn
83332,1,2026-10-06T16:02:14+00:00,be43deb69858058e40504d954df8c12da703af5f66b5602afcbba1031d232adc,https://www.vlr.gg/player/39021/notexxd
42491,1,2026-10-06T16:02:15+00:00,e895c52293a36c67fd6fdcccd80f85fc9ff0240b179bbedc3229b642639bc2c1,https://www.vlr.gg/player/39180/echo
54225,1,2026-10-06T16:02:15+00:00,e3e167f7e7d69199ee5bf456f359d855bcf8174dcb883acc19804baab5928850,https://www.vlr.gg/player/39351/wezzy
50519,1,2026-10-06T16:02:16+00:00,707acfc322a1c283654494f073819c8084154cda5f9956a5b1fa0f74d702a670,https://www.vlr.gg/player/39357/s0pp
49560,1,2026-10-06T16:02:17+00:00,4aeff33b6fd7133c835a9565570fad89188c93189f4fcc9bda0a994509c51db0,https://www.vlr.gg/player/39485/scales
49135,1,2026-10-06T16:02:17+00:00,1d2e829f9b30486bd065309e11dceebc472eaf75b5ca6e4b678cd39ade1e8ab8,https://www.vlr.gg/player/39697/cb
68349,1,2026-10-06T15:59:26+00:00,91be5d74c014c509550186b40dd60262514ce9dced1a35554f2f6ee93beb6b58,https://www.vlr.gg/player/3977/crws
82369,1,2026-10-06T15:59:27+00:00,426f3d71527ac9b79785dd435fdebb27212239858ff5dcccc0cd0eac1675058c,https://www.vlr.gg/player/3983/virtyy
79335,1,2026-10-06T15:59:27+00:00,77759340c25f65ce11812f895b837a2d34239f0515c2e4ebd0f7e6da0ce69878,https://www.vlr.gg/player/3993/jawgemo
68243,1,2026-10-06T15:58:23+00:00,1166d5ec96dc970491b5885c359c21b393a627cd4ad438739d4b5283730b43d6,https://www.vlr.gg/player/4/crashies
84246,1,2026-10-06T15:59:28+00:00,d10c3860dc6d21524afc853c9e27cb6552a07b1ce8f68f3d0f4acfa5ccb7efb3,https://www.vlr.gg/player/4004/zekken
50662,1,2026-10-06T15:59:28+00:00,207b73e99db5198777bfed8853b03adefbaee37462642f9e1099bff43e39a9f7,https://www.vlr.gg/player/4038/bangnan
50664,1,2026-10-06T16:02:18+00:00,38ad4cc27b08f87a382aa302bbecc04d25d8e958c27ac08b0649c615707de91e,https://www.vlr.gg/player/40511/niz
57796,1,2026-10-06T15:59:29+00:00,970907d89224f6c93b32db01332bee794cc0effb9967b2f8eaa56a65b39cade2,https://www.vlr.gg/player/4056/sylvan
52242,1,2026-10-06T16:02:19+00:00,4e2413c2ff585a29ad2b28be81ff1a0ce0976c13da41f9520901f839c77e5d7f,https://www.vlr.gg/player/40843/audaz
55126,1,2026-10-06T16:02:19+00:00,d6a84900d7d2b2af8de0406f58362e8cee287aa6b6c8fcbd781501d3db8a2a8b,https://www.vlr.gg/player/40935/lovers-rock
30901,1,2026-10-06T16:02:20+00:00,bb3dd4aeaca3f30353573c194b03355c5c572ef5857ef968d30a86656c512212,https://www.vlr.gg/player/41029/z1yan
50507,1,2026-10-06T16:02:21+00:00,7724cef39fd9d672a030b4002bd2c2237d2e11795ddeb612bfa22d12e528eccc,https://www.vlr.gg/player/41054/guang
47603,1,2026-10-06T16:02:21+00:00,35ecb7a0243d80abb6f0c82ebbfd038fb75c44205924caff7d30d3b33fa741c8,https://www.vlr.gg/player/41135/dantedeu5
51275,1,2026-10-06T15:59:30+00:00,d7e69f01cc3e81244516421d6fd1f9568159ee6e4672478543e268bdf0932b3c,https://www.vlr.gg/player/4122/persia
79356,1,2026-10-06T15:59:30+00:00,fa14f866fcb825a9a6ecb81919177950a0b9f468116714ffe824fa37bfaf9db6,https://www.vlr.gg/player/4147/cryocells
53050,1,2026-10-06T15:38:27+00:00,5f0cadf6ae2b7fa0d59515617fe25246fc9d34dc8472898636c876b74e399416,https://www.vlr.gg/player/4164/s0m
49083,1,2026-10-06T16:02:22+00:00,44fd54b06204ac7d8ef765b0cc49d1fea09b223349cb51e0771ca39382b3073f,https://www.vlr.gg/player/41694/endoist
48552,1,2026-10-06T16:02:22+00:00,d1f35b2cec4c23b437e55e0aba59e6dcc1bbb115ce4d256555c8e454ee169558,https://www.vlr.gg/player/41720/favian
53760,1,2026-10-06T16:02:23+00:00,14761160ecc44cf1bd4bf174257097cd338922c7966457e57418f6870bb3e1f7,https://www.vlr.gg/player/41739/slowly
59958,1,2026-10-06T16:02:24+00:00,df49c22373508d778bfb9b8315a752696be29640cbba570a087674bc386198f8,https://www.vlr.gg/player/41798/nightz
67804,1,2026-10-06T15:59:31+00:00,422c0ba86291e8f936364680a9a61d00b6cfee513bfcc39922c4b30b50b36422,https://www.vlr.gg/player/4181/cloud
47410,1,2026-10-06T16:02:24+00:00,c3078795eb679c6059a3c081c0418c03a026e779911c913f7262a519feb3fe4e,https://www.vlr.gg/player/42235/dynamite
45081,1,2026-10-06T16:02:25+00:00,d781e55d22d0edbe21eb71ec086f7da9b26fadab1630623e48cc8e175f624d9e,https://www.vlr.gg/player/42358/darxcioo
56929,1,2026-10-06T15:58:34+00:00,28997d50f575238eed41391466d25523c860e51e96e9ccd3c0bc3e7b946ce4cf,https://www.vlr.gg/player/424/dep
66716,1,2026-10-06T15:59:32+00:00,715159e1abe07b116c087b7737d5214d40268883eec2f046d8b0895164291f54,https://www.vlr.gg/player/4244/yaboilewis
42454,1,2026-10-06T16:02:25+00:00,f10a0c778530b579acd5ca97e1f9a0fc40fcedca5a9b48de3fa2f09fde9bb5de,https://www.vlr.gg/player/42454/sizo
50501,1,2026-10-06T16:02:26+00:00,a235608b6c25f7f360ccff5075ca7769651c984fd19c3d803756dad76f6aaade,https://www.vlr.gg/player/42651/avey
43278,1,2026-10-06T16:02:27+00:00,d791c3301cc9370a2a7fbf9f43dfb4b85da921df230db4dd707852c6e7799fbc,https://www.vlr.gg/player/42721/awayk
43890,1,2026-10-06T16:02:27+00:00,5ac1f70c6627e71a3a379ecb9b10aa000e04983de671a6553cc7a300555f3ee1,https://www.vlr.gg/player/42733/xuna
41262,1,2026-10-06T16:02:28+00:00,e4f40a2a20f5ac34fc2d29fe15f4020edb37087d0181718d5791e041080a2e68,https://www.vlr.gg/player/42755/shu
43289,1,2026-10-06T16:02:29+00:00,b36eedecd020c5d7fb6cb2e9075d4b00318143cf049594f1e91fe277a79da265,https://www.vlr.gg/player/42769/wezzy
48840,1,2026-10-06T16:02:29+00:00,e30ddcd1ec614ddfbe5bb98b2497f2eed2fbc569b48220e8bd0bbc485205e3b4,https://www.vlr.gg/player/42772/xross
44427,1,2026-10-06T16:02:30+00:00,cadac946e99f33cebbe870dc762aa9c3ec8daa9396e8ffa471fee30df83cc0a6,https://www.vlr.gg/player/42793/kally
41652,1,2026-10-06T16:02:30+00:00,4fff940febc8039dcc90926a3c7826453b844a82a4fb21694d913f2c7ff90237,https://www.vlr.gg/player/42901/thyy
41869,1,2026-10-06T16:02:31+00:00,1cf71fdc24957166ec6d071c2c93e715dc62b718f8deb9ffff6cae3d51234c34,https://www.vlr.gg/player/43007/qiutian
69757,1,2026-10-06T15:58:35+00:00,062ffb15c5e314cde8f76f030da564688c81d0c3c7f2d72ddd51eaca84a9f89b,https://www.vlr.gg/player/438/boaster
62612,1,2026-10-06T15:59:33+00:00,a0dbf5180c0135ef93137785c05f389e9b8797ed9142e776274682485fc15b04,https://www.vlr.gg/player/4382/sscary
41553,1,2026-10-06T15:59:33+00:00,2051140e0a80fc20ebb2bcb8cb6aa62f43111786b4124386a3b5671f34b0a5b7,https://www.vlr.gg/player/4426/klaus
63955,1,2026-10-06T15:59:34+00:00,44b665e2aaf8c7738c78c59f3c422de2d0ccd2d80a97ad720cf8c9c1c91366af,https://www.vlr.gg/player/4428/udotan
66393,1,2026-10-06T15:59:34+00:00,3b10988f2dcbfa9b6b5ce4c2e6ccdb6f16eab99af5d8369e18fe8eabfb4e9e59,https://www.vlr.gg/player/4462/mako
68914,1,2026-10-06T16:02:32+00:00,70c512fee0e7d8dbc125df4b49e1f95d3f7bbe4af3912200ef5a01b413b9622e,https://www.vlr.gg/player/44842/jackk
63366,1,2026-10-06T15:59:35+00:00,8d450d9ea141c1411c6626e183366a4b3dd3a4ea22df89b61f72578def4e8b41,https://www.vlr.gg/player/4521/unfake
65565,1,2026-10-06T15:58:35+00:00,f678e3f5ebfd8e522a144926cbea95ce3c67e70f11fd15762dd310b68b5ff3e3,https://www.vlr.gg/player/454/dapr
64519,1,2026-10-06T15:59:36+00:00,b097a9b6ea53be56a3476b620b4ba9ea602f750f5b52a5917740d6a4efdae470,https://www.vlr.gg/player/4544/filu
51353,1,2026-10-06T16:02:32+00:00,2d45309f5ac2b74e613f4f14344a2e141fceb0edf5d5b842fc4c5e522e83ec4b,https://www.vlr.gg/player/45492/swagzor
54749,1,2026-10-06T16:02:33+00:00,525c583da197ec05adcbc5aeaaa4092c0ad31bc72c98c55745a2b83daa1fabcc,https://www.vlr.gg/player/45494/proxh
75318,1,2026-10-06T15:58:36+00:00,4c54ab91baaf9ab7df8214da703c5429e48999f8bb5c753ae47f85135965c328,https://www.vlr.gg/player/457/nats
76975,1,2026-10-06T15:58:37+00:00,213c899a7e73830d423e690af3b43091fedd4910ef6d6434c11d3deb6106509e,https://www.vlr.gg/player/458/chronicle
70237,1,2026-10-06T15:59:36+00:00,128512282a7a1c45f377176e200282f6689228ed43f5c2534e81693f493c5dcc,https://www.vlr.gg/player/4581/jonahp
41096,1,2026-10-06T16:02:33+00:00,067a4fca00aa2701a2bb801ac5a73fa6ebccb654b04ed64582e427f10d60288d,https://www.vlr.gg/player/45962/ken
50713,1,2026-10-06T15:58:25+00:00,6d7c7c22a2280a661c924c0b653dc2b85106a63ecd31c700ab5856ce650ae682,https://www.vlr.gg/player/46/shahzeb-khan
40098,1,2026-10-06T16:02:34+00:00,2bebe3cea91dc763d87632e44ccbf49edb2eb3d88ef3398f8d879d6029d1ec16,https://www.vlr.gg/player/46040/youze
45878,1,2026-10-06T16:02:35+00:00,650f0cd36e2ac931ecc6bbe3ab2b60d02333d523f753661ebfbd4c8ce34d1382,https://www.vlr.gg/player/46135/zeus
50192,1,2026-10-06T16:02:35+00:00,cbd8fb0a4ebc666d55829e21c66244ca3380790cfe0472417800d71554562550,https://www.vlr.gg/player/46446/titoune
46320,1,2026-10-06T16:02:36+00:00,387af7a749ed0364cfe043728640f203ab158f8d7c08962a073435de37abfb22,https://www.vlr.gg/player/46460/ezeir
41302,1,2026-10-06T16:02:36+00:00,7911c2bd583c72d31fda01ea4c95ece5937e448fb3339b415292ed3e987e1ce8,https://www.vlr.gg/player/46532/satoshi
36456,1,2026-10-06T15:59:37+00:00,bfa3bcc57d083d0da6840ef25d02db4c274811a0b765961f515bc1652ece8896,https://www.vlr.gg/player/4666/acme
50181,1,2026-10-06T16:02:37+00:00,3f9dc0529d0e05c07ca39447c9df0cf610b66dde4fb2344da85d5f6c9833ffb9,https://www.vlr.gg/player/46748/k1ra
63110,1,2026-10-06T15:59:37+00:00,b3ac74d3923d90f62a986fab80b4f86c043d021cf32e74380f415263efa5c975,https://www.vlr.gg/player/4678/beyn
51877,1,2026-10-06T15:58:25+00:00,7ccf2b04018a4c5ff7dc1c35cd55af9ffbb2d0409a666d29bd954cff881a0113,https://www.vlr.gg/player/47/zombs
44639,1,2026-10-06T16:02:38+00:00,7f40a884fae9b0ba6462cce9a2dc23cf8e5215e936f7e84e2796b9213b7b6784,https://www.vlr.gg/player/47101/5cm
59549,1,2026-10-06T15:59:38+00:00,f54392fa0b1cd40d441ff927b3d370189fc6b1ccd4834e1579abe5609a9be326,https://www.vlr.gg/player/4712/heybay
66306,1,2026-10-06T15:59:39+00:00,8e8a62fcd5dd11d74c2636ad97f18a34a8445ff64d39d8861ca6b68806630dea,https://www.vlr.gg/player/4720/haodong
47697,1,2026-10-06T16:02:38+00:00,7af9543c665088a80e469d71742af51bfcee4b357d386802407b47c7dd75ef1c,https://www.vlr.gg/player/47212/ecco
69417,1,2026-10-06T15:59:39+00:00,e952826b2abca0ed243b88b861692b4de78ff4dad046bc26b56806b6e6b25630,https://www.vlr.gg/player/4742/smoggy
47400,1,2026-10-06T16:02:39+00:00,f7e961056301db5aecbedf0f06684e3b9e17a1cd4fa63ca4c392b4e0ff219e3a,https://www.vlr.gg/player/47629/coco
62234,1,2026-10-06T15:59:40+00:00,aaacebcef15260ef5a6de1f730947182471c8944bff7260aabe4742528c6874e,https://www.vlr.gg/player/4770/fengf
48713,1,2026-10-06T15:59:41+00:00,9f65e9be46c897f3c166e41b86797364b65e8b309f965fccb027f81e9d505358,https://www.vlr.gg/player/4771/ICEKING
67040,1,2026-10-06T15:59:41+00:00,e83c630309772925f5497f790f8c1a382dc890296755e20004ba3db7522a67b5,https://www.vlr.gg/player/4774/knight
22684,1,2026-10-06T16:02:40+00:00,71fa1b1962d61eda05aedc51a18051b6099f09d64435d3aaf5594b528e48e6a0,https://www.vlr.gg/player/47753/leo
72445,1,2026-10-06T16:02:40+00:00,a9471965baf1239cb8abdf3f03992feaef124eda68f47100a6e88aff8b54b38c,https://www.vlr.gg/player/47858/leo
71495,1,2026-10-06T15:59:42+00:00,44b4fba2b65a1578d0ca10cd7bc4202e3c7c68c419e947f81a7ae88d2bec3072,https://www.vlr.gg/player/4828/nismo
40704,1,2026-10-06T16:02:41+00:00,1787acbdaec118a3dd6b4ba2da2ce187c03c81433ae2c1235f99d692d91b3866,https://www.vlr.gg/player/48439/rimuru
73004,1,2026-10-06T15:58:37+00:00,a26ab4e312aa2b424ec8ac48763db5b594bf281d5af47123655f19a7c57d8ef6,https://www.vlr.gg/player/485/stax
67530,1,2026-10-06T15:59:42+00:00,67cf8faedc27acd7deaf5d35a3f9f23d712fd302c0eefd52e7b51a6556ac7d80,https://www.vlr.gg/player/4866/kushy
74075,1,2026-10-06T15:59:43+00:00,523f1eca114d388022eec7b8cd54d1b13a3d831c929f7d287cebc7c70f6276d5,https://www.vlr.gg/player/4871/xffero
69560,1,2026-10-06T15:59:44+00:00,7d73c0923d5253326b83a0a1925d7de5aaa4dc55f5ebc46db9cca53cade1fd3a,https://www.vlr.gg/player/4874/berserx
73767,1,2026-10-06T15:58:38+00:00,ad43d8d79be79590929982ef07bd3fa5e27480701e03eba1edd3fc22295c218c,https://www.vlr.gg/player/488/rb
51861,1,2026-10-06T15:59:44+00:00,93cdd075769271a7bc0972dc1fbfd8521a92d40ac01db75c882591c20312aa4c,https://www.vlr.gg/player/4881/spitfires
67313,1,2026-10-06T15:59:45+00:00,16576cbd2f48ab6c52266f19f81973ba85eaa6cfccff1dbc471406be73d7f1d9,https://www.vlr.gg/player/4885/whzy
51468,1,2026-10-06T16:02:42+00:00,f9739e6239b4fc4c9fc5d150f694576bc1e48aa4b3246ab7be9f27259e57b4fe,https://www.vlr.gg/player/48878/rushia
57102,1,2026-10-06T15:59:46+00:00,00aa7dc0c21d3a403a62893fe8f507e74bde71049ca588fdba7a6b0a69a99886,https://www.vlr.gg/player/4892/mersa
45505,1,2026-10-06T16:02:42+00:00,f2301c9c266e9f0462c0521bd5d474534047991891dfb7d635cc282553287a87,https://www.vlr.gg/player/48925/raxcal
69987,1,2026-10-06T15:59:46+00:00,1da7c1b5be65fe9d3065106ef40b7000277070814dd2f33aaacbf92b56e90cfe,https://www.vlr.gg/player/4927/nature
46731,1,2026-10-06T16:02:43+00:00,26da412a7847cfd55bd2e603c85a3652869dfbdf59aee5f5d8e1057a3c3f9cae,https://www.vlr.gg/player/49346/echo
45323,1,2026-10-06T16:02:43+00:00,f60539a83007d20b4cbc8704920d27f095ab289bc287c9e76b496e3decb9561a,https://www.vlr.gg/player/49476/zhe
47152,1,2026-10-06T16:02:44+00:00,a0e3ba1330e5fab20e043bbd45d394673dad348660435df4db04f9eef20941e7,https://www.vlr.gg/player/49973/glacier
50704,1,2026-10-06T16:02:45+00:00,2384268ea3dc7b8ddc9031035fd9f136763dd440ff630ad7924ef8dd53292ce8,https://www.vlr.gg/player/50025/setrod
60383,1,2026-10-06T15:59:47+00:00,e6ac5b583f3a54f53e9df551cc224125cf5fd79bb7e6e93d6e81d51c5bc5ea36,https://www.vlr.gg/player/5004/natank
36793,1,2026-10-06T16:02:45+00:00,d8ac97c2c48bffea4440a82ca04551ccfa5346c722029d8685a281363cecb519,https://www.vlr.gg/player/50080/lsn
51997,1,2026-10-06T15:59:47+00:00,9d9b93df3e9f509d9abdebdebc632544d4d1ca597119ad1b7b9cca0c34a45edc,https://www.vlr.gg/player/5011/abo
74122,1,2026-10-06T15:59:48+00:00,c4b05f184462eba31fd1eca2009c884db59a8129ee8af395c015bcf4a0266075,https://www.vlr.gg/player/5022/derke
49138,1,2026-10-06T16:02:46+00:00,11a908fc1f27e419c8b92377d8e73e51111bdfad6fa626c7e841ccadeddff48a,https://www.vlr.gg/player/50776/influx
39972,1,2026-10-06T16:02:47+00:00,ef610af29cf8cf64ef88714c19f3e29d296ac1e6a9bb6afea4861bb5a07af2a9,https://www.vlr.gg/player/50826/ramgi
43920,1,2026-10-06T16:02:48+00:00,7ba87e1e45d54e0bd9549fe432fae98206c9b3280df62f6cef6209f04fc95ae3,https://www.vlr.gg/player/51100/flicker
44165,1,2026-10-06T16:02:48+00:00,1645a3b51637e2d2a0cc4e51845b952b7951516e782794f62526bceba778873c,https://www.vlr.gg/player/51238/yong
47072,1,2026-10-06T16:02:49+00:00,ce79fa189c9cb0b7810411bbef95c99e133a272241991cf50a33cab0c9ed51c2,https://www.vlr.gg/player/51244/jieni7
41455,1,2026-10-06T16:02:49+00:00,28ebea0c1e7c460c2c31b68857401f585f61eafed006a775ee0c510ad3bf7e9d,https://www.vlr.gg/player/51250/ying
79210,1,2026-10-06T15:59:49+00:00,9a6c9d4e64fda8b28cac2043851b9d379c58ad1b244a5c94ac6050b4cf34ea35,https://www.vlr.gg/player/5132/mada
42192,1,2026-10-06T16:02:50+00:00,3e5093410ac7ed2e61c33b34a2c3b12203ec36c59b5d8d300fa694fbee0c5f67,https://www.vlr.gg/player/52101/bai
36730,1,2026-10-06T16:02:51+00:00,3b21f60d1ff04780f4606cf252e9d1d297e6ec3eb08fe6e844f66c73505cd10b,https://www.vlr.gg/player/52723/yutaro
39594,1,2026-10-06T15:59:50+00:00,3c1d2f4df9384f66f669bafbebc745750fab4d2459cb827d3617523c5b87d7d0,https://www.vlr.gg/player/5283/bunny
45966,1,2026-10-06T16:02:51+00:00,eae3e6fa21990604fa9943c916f8db2fb33a05c5849c12e24cdc38eeeddc3280,https://www.vlr.gg/player/52904/akeman
61527,1,2026-10-06T15:59:50+00:00,3a82783e5807a0e99e556c0e89267d9027c2af3b4e8f9c9fccd29cccc15da891,https://www.vlr.gg/player/5292/al0rante
44585,1,2026-10-06T16:02:52+00:00,9d61853a0822f9c22214f5c823bfcf73422487babc4cebf6c99d178a777c8b9b,https://www.vlr.gg/player/52965/oroni
59042,1,2026-10-06T15:58:26+00:00,cd3be31011872b14e88cf0be76d8cd81bf82dda2ba358bbe74473522d4e5690e,https://www.vlr.gg/player/53/inspire
59182,1,2026-10-06T15:59:51+00:00,69ae274a7c4dea437de6ae1fc9cb9520e9e992e5d9120a64712feaf96e1d2e27,https://www.vlr.gg/player/5351/rglmeister
60499,1,2026-10-06T15:59:51+00:00,49b0b7512c88d66dc053bae1f0de8363dcc0bc24852e3fdab4aa565c177ef62d,https://www.vlr.gg/player/5395/cortezia
46851,1,2026-10-06T16:02:53+00:00,32ec180825f40ba987aa025e6e99c5545ea0ee37b1ad01da923a3495873a55f3,https://www.vlr.gg/player/54487/xlele
64435,1,2026-10-06T15:59:52+00:00,c8ad60627d390054efb5ad854c4460976b5cf1a828a11fcc2c5ec15b4545c2d7,https://www.vlr.gg/player/5500/docent
44511,1,2026-10-06T16:02:53+00:00,9935e143e81ad48247b5e2c7f4ed4219ed2784c7f2050d999720bbf1e5418b49,https://www.vlr.gg/player/55085/erv
35714,1,2026-10-06T16:02:54+00:00,ea753533bc8929242427d97e7b266af81ed4bc6f5c1dbcbca0fd6dc159a94047,https://www.vlr.gg/player/55495/meep
69361,1,2026-10-06T15:59:53+00:00,fa25baa97ee2c048e2888bf58dcafe1a825393f9977f7b9373a1d1515cffd01f,https://www.vlr.gg/player/5550/grubinho
66007,1,2026-10-06T15:59:53+00:00,309728120a45919a8af7c5eb07d0b215720e71d3fe59ab66b5a0ca61be7163c0,https://www.vlr.gg/player/5554/profek
63895,1,2026-10-06T15:59:54+00:00,75b3cf7d723cb80874f2cc35a82a12231531d358ee462e91014e7f573646d0d9,https://www.vlr.gg/player/5565/ros
66218,1,2026-10-06T15:59:55+00:00,69016b50255dbd306e6026247d74bac2a793e06fc1324eef53a9613b1bdc38ae,https://www.vlr.gg/player/5568/sociablee
44404,1,2026-10-06T16:02:54+00:00,981e8202a802cf8b0cdc21fb551758ebeb9665c5b3ff0dfc50a807d73cbb41a4,https://www.vlr.gg/player/55681/kozzy
41708,1,2026-10-06T16:02:55+00:00,f76bce3d9bc6c3d4ed714dcbe466b43d0b576223990b70e65c1d0b02187b27a1,https://www.vlr.gg/player/55817/verse
30391,1,2026-10-06T16:02:56+00:00,ecaba4318bd23a1f485744667b9134e947c1b19c0c4ea96eb0e144ee84471a44,https://www.vlr.gg/player/55823/ben1ley
47625,1,2026-10-06T16:02:56+00:00,cb6cbaa2db3706fe4476a8ae631015a49ca3aecfa6d34ed9f268bb88ce52eaf8,https://www.vlr.gg/player/56062/devicehp
71462,1,2026-10-06T15:58:39+00:00,a5d00cd9bf1672364c6e023c0537c675fc230dfe29a2c83ca5f3a39d2a6c11f8,https://www.vlr.gg/player/562/zeek
71054,1,2026-10-06T15:58:39+00:00,de617c033a5a1f6bcd3e5ec26c1fce89ca0967370d989d3fa8df2df31f8e4ad3,https://www.vlr.gg/player/565/starxo
70457,1,2026-10-06T15:59:55+00:00,eb2645f2e667079fc7a9a26b635b7608d5c424934a264744c08a608c234281e8,https://www.vlr.gg/player/5654/avez
73350,1,2026-10-06T15:58:40+00:00,c30b8ad93567d9ecd547c538b86f4e2fb966712bef10b4319193ec5aeddc7a2e,https://www.vlr.gg/player/573/cned
66331,1,2026-10-06T15:59:57+00:00,6b8f31df1975691c251ce35b3777fbcc179171c899f689841809c07bc5f5498c,https://www.vlr.gg/player/5795/sickrey
67631,1,2026-10-06T15:59:58+00:00,66e121c32c22032f114f93f34802866bf5b85b7de381bf9c984f598c29c19fc2,https://www.vlr.gg/player/5796/kr1stal
43193,1,2026-10-06T16:02:57+00:00,c14aa813804efdbe132b0a05ea0515f2f09aa7cdf78d3a30152ad27027c7821e,https://www.vlr.gg/player/58959/iamgrq
62865,1,2026-10-06T15:59:58+00:00,fbe57af0244950ad5e20df3d729593cabbbb834efc6a52cb289eacb47f96c4e6,https://www.vlr.gg/player/5957/artzin
40175,1,2026-10-06T16:02:58+00:00,e8b727bb5e9710fcdc5453608e0dc37bb16ce58710a42376642e8e566b4df108,https://www.vlr.gg/player/59613/teasohot
73185,1,2026-10-06T15:58:40+00:00,f37c263c8e0c6b39bdd71bf58c02997c80286e48d4dcd4ac3c37ce8f6344fc85,https://www.vlr.gg/player/601/asuna
21539,1,2026-10-06T16:02:58+00:00,a20058498685fbb7fe1f1f79f4148388c3834eb48289232a8a981b4c35c2032a,https://www.vlr.gg/player/60184/ninja
65954,1,2026-10-06T15:59:59+00:00,5e33cd4ae3a54a2182de21a50826ddb05bc2d78a09fa0d8550c9352b85e4cdab,https://www.vlr.gg/player/6022/yosemite
72132,1,2026-10-06T15:58:41+00:00,18cc657126fef1dc955ee0016bb009e45a99a272a458a747c2d66d3498ef94f4,https://www.vlr.gg/player/604/boostio
39690,1,2026-10-06T16:02:59+00:00,854484dd963967a5bb7667ef6e03b4e3d93e2e7fb805e3fa398dbe95af9c59da,https://www.vlr.gg/player/60576/ray
63108,1,2026-10-06T15:59:59+00:00,aaa51db854a6a2d731b401dddb325cdfadcdd1f7e3a0b33e151c9040d9369b57,https://www.vlr.gg/player/6126/sibeastw0w
35750,1,2026-10-06T16:02:59+00:00,3bbccc59c6a74217017d8fa18bf954ad48493cee8907a690128343436e51695a,https://www.vlr.gg/player/61305/moose
76021,1,2026-10-06T15:58:42+00:00,87836fd7a9b6b6f4b421189911ec11d64174b5e7f688b0a1a664821b31598f97,https://www.vlr.gg/player/619/c0m
53462,1,2026-10-06T16:00:00+00:00,81409b19f281651d637d475b97f56ece59ddc9dacf862546af1401d047ff8d61,https://www.vlr.gg/player/6193/cauanzin
39677,1,2026-10-06T16:03:00+00:00,f9246fc940dd41ff4ce9a58d4280a141994cfd998382a33b7830c5f5023165cf,https://www.vlr.gg/player/62291/xiesta
62270,1,2026-10-06T16:00:01+00:00,9a7f3142344150bcc1bd59d2601e05e04bdca1a5aa5323f68067da853d399ddf,https://www.vlr.gg/player/6238/urango
30857,1,2026-10-06T16:03:01+00:00,ee8b4cba28503e8c4c926cb04e99f3c416ebf94fd5bcf6a58cb0789319e86d80,https://www.vlr.gg/player/62764/killua
17641,1,2026-10-06T16:03:01+00:00,1e7a04f1727dbed5fa90a579b4ae1d02e5b478fb5cc4796cf73bdf80c4e7b69a,https://www.vlr.gg/player/62879/killua
17592,1,2026-10-06T16:03:02+00:00,41ff19e52eb74c94b8d1b42f657b9d49d5cbcc345bb35ea4161184ee8c8da7c0,https://www.vlr.gg/player/62914/leo
41347,1,2026-10-06T16:03:02+00:00,236c65044ef6518568a3bfc393feda77e663b3fe26e269449017daca6a63583f,https://www.vlr.gg/player/64029/ft
40995,1,2026-10-06T16:03:03+00:00,c67fc2cd838545e5384f70fa79f27c0956064162fae371e751af82d50c77d098,https://www.vlr.gg/player/64969/crownfisher
68678,1,2026-10-06T15:58:42+00:00,2acd6ffaabdc3928c67c48fbd966324cf06aef4d8c4d30c5d5353e200f5d12fa,https://www.vlr.gg/player/651/frz
61143,1,2026-10-06T15:58:43+00:00,c2393e0a5eff67bd558a907140dda6aeb6a1bf1b0281cfe422e9d03dcedd4829,https://www.vlr.gg/player/659/sacy
57929,1,2026-10-06T16:00:01+00:00,c3496742ae3497e96177dc87cb575c2c376b201128dbc85576a565c81db21777,https://www.vlr.gg/player/6668/sugarz3ro
57868,1,2026-10-06T16:00:02+00:00,df0a3eac7b11ca6e8b440263a30ea1f921fd772530fe3d26762bdff55bce97f2,https://www.vlr.gg/player/6672/meiy
51189,1,2026-10-06T16:00:02+00:00,4701a8ecde230518437b5178c56d2a201b87288e810ad4a5196a787160256c4c,https://www.vlr.gg/player/6702/bazz
60506,1,2026-10-06T15:58:44+00:00,84651e8a50d902ce8213316645e473d925d65047e3ee9e95ef3cecd0af976ae8,https://www.vlr.gg/player/683/pancada
66333,1,2026-10-06T16:00:03+00:00,a4184ace9b07ba9fec7815b24200176598b11cebf29e763ff0fd5813b8b34b8c,https://www.vlr.gg/player/6925/chadi
58580,1,2026-10-06T16:00:04+00:00,aca4c350df212602e8877487cbe97108351c37693309d1d2703893264d2ac9b3,https://www.vlr.gg/player/6959/flickless
64403,1,2026-10-06T16:00:05+00:00,da53d82c454a5b94277fc5aaacde956a36fb7fb051b4c2d02e2664480a58a3ed,https://www.vlr.gg/player/7043/ncslasher
65803,1,2026-10-06T16:00:06+00:00,5a9f3fa1b0c1fc6e0018f121f66b208eadd4e208a49e170fad188100ec497a0f,https://www.vlr.gg/player/7049/natz
61955,1,2026-10-06T16:00:06+00:00,94d588a66e43dd460c240bbaf5b0acfe860b4a2e706bf6243122a35cdcacb396,https://www.vlr.gg/player/7105/qpert
50681,1,2026-10-06T15:58:26+00:00,df1c9d6a691a94a2a596ac7c6cc693536b50660b24396bd959c80468d63a5781,https://www.vlr.gg/player/72/WARDELL
64957,1,2026-10-06T15:58:44+00:00,9ad68de5f9c7d4b073eeebb2378784ebbade933ffdaa99dc78707e99fb395bb3,https://www.vlr.gg/player/727/saadhak
75126,1,2026-10-06T15:58:45+00:00,2e86bdd6808b3d4047359a7031fc810933d22690c9e3b114de8759e419fea54c,https://www.vlr.gg/player/729/zellsis
91766,1,2026-10-06T15:58:45+00:00,473a7be521ea59ee835cbb9d3a6e33656b626a135f1ab133b6dd0127430107d1,https://www.vlr.gg/player/733/stellar
64191,1,2026-10-06T16:00:07+00:00,f252c0e02124f9727eeb6a1fbe1a93925e38a58d1f45a48a10f0780373ac27e0,https://www.vlr.gg/player/7353/glovee
73860,1,2026-10-06T16:00:07+00:00,55e4755cae56c1e6b76756a3ddd0753658630efcdbac046d336337fe4cd34ef2,https://www.vlr.gg/player/7378/jinggg
57062,1,2026-10-06T16:00:08+00:00,0163a4f33886cfb2e593f63dcea648a68201192ff8e0715a11fbb11674442ba3,https://www.vlr.gg/player/7405/jremy
70521,1,2026-10-06T16:00:09+00:00,0d2afc890eb203aa32ff4b874a468162b0bc6e552a8cd104ff2dc6638aa9754a,https://www.vlr.gg/player/7426/juicy
62128,1,2026-10-06T16:00:09+00:00,21a3515170d9c9ea27aac6f4e03584875bdd4e79cdcdaeaa8c7a767bb59798ed,https://www.vlr.gg/player/7437/kellys
101606,1,2026-10-06T16:00:10+00:00,81add3626509aa9328b67848007984ebee5c47fdaf2852d490fa1fc4376855d7,https://www.vlr.gg/player/7458/moose
46405,1,2026-10-06T15:58:27+00:00,73d865f4f4fe0f6de1d028b8097e02b93b7673917a391b18df4172b61f5ff211,https://www.vlr.gg/player/75/subroza
68112,1,2026-10-06T16:00:10+00:00,28aef25647b2012aa5ad0998f36775d4a1a0c177b5b6f9f0e57ced5f80f99e25,https://www.vlr.gg/player/7603/mazino
67357,1,2026-10-06T15:58:46+00:00,5996ae06aacd50e690bddc4e2b34b7f94ad62051a487ac5e07edfce301839efe,https://www.vlr.gg/player/773/lakia
55898,1,2026-10-06T16:00:11+00:00,e620b3e67b53268dff6c4b5b3a33a963038b626d0114f4915aec9714a0de2f5d,https://www.vlr.gg/player/7745/yoshiii
73566,1,2026-10-06T16:00:12+00:00,7edd58c3813e32e361d9a6ed84923ebb1933d40ca53e46b475bd1b2e247e9b1e,https://www.vlr.gg/player/7754/xavi8k
74767,1,2026-10-06T16:00:13+00:00,bd02efbb61d11e017b654c09db2e2ccc30b5dcc222c98e8023d2830101b6fbf4,https://www.vlr.gg/player/7849/siufatbb
76206,1,2026-10-06T16:00:13+00:00,76a873d74275441bfb1486737ef1b9f27779915f8ae6dbecd5ba930f1fbc075d,https://www.vlr.gg/player/7857/berlin
50180,1,2026-10-06T16:00:14+00:00,9aa1e9f5584e1b4041a7f126df26194c5091f6e695d7c3c8c7a1612460cf43af,https://www.vlr.gg/player/7866/click
67294,1,2026-10-06T16:00:15+00:00,96c3b72b4d51f0386d583e6c6630e3d4e36f737e50f219576337883f756c41aa,https://www.vlr.gg/player/7873/leaf
67546,1,2026-10-06T15:58:47+00:00,ff5e804c2bfa79e6badfaa9c1f398cf1cbef69dc665baa853cbeaed2e7215f85,https://www.vlr.gg/player/796/eeiu
68307,1,2026-10-06T16:00:15+00:00,c8947ff39cf0b31aa80afbac543cbefd2ed02e6202bf1602a0f82884a11f20ca,https://www.vlr.gg/player/7987/kovaq
75992,1,2026-10-06T15:58:47+00:00,df899dbeb762f39ec6dcad0d18fcd1f655719b9f55cbcfc4f6297299714b2d28,https://www.vlr.gg/player/804/buzz
80637,1,2026-10-06T16:00:16+00:00,2278ecdc218c3ab882286132f1e63c267927428f2b4f6f89d77a10fdaf59812a,https://www.vlr.gg/player/8082/zander
61348,1,2026-10-06T15:37:32+00:00,3ce4e7ac60d3bdfb17dee71b2e88d65886ce3ead7f1f5f0dada2a7455764a092,https://www.vlr.gg/player/817/fns
69292,1,2026-10-06T15:58:48+00:00,c26da5154beeb0596d9778dcb7e11593ab0989747208d129f7bb47980fffe747,https://www.vlr.gg/player/818/mummay
65034,1,2026-10-06T15:58:48+00:00,5998eefc2e7d192e985e212d10a31c4aceeb67cf64d820a2f4e0843994aa6a00,https://www.vlr.gg/player/826/supamen
116270,1,2026-10-06T16:00:16+00:00,67413233f52ddc69fac8887621db8aa1d94dd89aa34984a24625a63f8d8e3717,https://www.vlr.gg/player/8286/glyph
60107,1,2026-10-06T16:00:17+00:00,8613c4e1da2680c6074329b225b76d330416599f651e3ed2f26e00b1f166947c,https://www.vlr.gg/player/8369/yetujey
83860,1,2026-10-06T16:00:18+00:00,d091f8cd820b9a9b551ce11ac6fb3741ecae80c3f8a6604562676d3fccd75d0b,https://www.vlr.gg/player/8373/okeanos
86078,1,2026-10-06T16:00:18+00:00,15c48e342b8bea9e138850e2a94737993e02fef14f5b2fe323a41ffb47d74532,https://www.vlr.gg/player/8376/seven
90133,1,2026-10-06T16:00:19+00:00,4c0c27b3f617f07f57d16cc9dc502558ec8ac1d3f5e9206044ae2b5dc9e03119,https://www.vlr.gg/player/8419/reduxx
99035,1,2026-10-06T16:00:20+00:00,f71082a1690fe8d2f1934c87dbf40265df1362cbe3e3363285dfe400ff5aac32,https://www.vlr.gg/player/8422/spaz
63439,1,2026-10-06T16:00:21+00:00,82fb1f21bf6e8dd74681c489cd4804b827a00598d7e71bb155578dcbcb1fa06c,https://www.vlr.gg/player/8447/less
67170,1,2026-10-06T16:00:21+00:00,6b650b609f019debd452b481c004a578bd5d5f966db39c42ab68fb554d35ebbe,https://www.vlr.gg/player/8480/aspas
64701,1,2026-10-06T16:00:22+00:00,bc71d7ae84dbd8f3263731d7ea3968d66d0db4ed51bb4ceab7b50cc1aaf9c321,https://www.vlr.gg/player/8502/olizera
67554,1,2026-10-06T16:00:22+00:00,19757f32ce07e500f2068ec46379b71cf4fd5f1f87560afc3eca44bc33698467,https://www.vlr.gg/player/8504/invy
63758,1,2026-10-06T16:00:23+00:00,2839c96099900161c60f299dc579ebf7ff0abc305d22b771b5a81e0e33e6eed2,https://www.vlr.gg/player/8549/kingg
72019,1,2026-10-06T16:00:24+00:00,fc0e2a60853b3e3c177c5d01528e311daa217a059835a2fd85d38dd69ca7af92,https://www.vlr.gg/player/8582/laz
61016,1,2026-10-06T16:00:24+00:00,69916d560845c60a49faf6665e3f2306511296e03cfed097b7eddfcbf611d6a1,https://www.vlr.gg/player/8673/heat
58202,1,2026-10-06T16:00:25+00:00,74e4a8a2476cef76f901288eb4073b2a1a268e079062392f55a665bedc12173a,https://www.vlr.gg/player/8706/havoc
79431,1,2026-10-06T15:58:49+00:00,d2cbe690b2ac1c316e9fab8690eb3ff70c6729066c69f6ccf57cb06a1ee26d34,https://www.vlr.gg/player/872/autumn
56773,1,2026-10-06T16:00:25+00:00,62377faadacdfd53e8ee986fe040778e4f5b05f3c302b3759aff02daddf74ecc,https://www.vlr.gg/player/8808/pyrolll
58620,1,2026-10-06T15:58:50+00:00,766af03d20562649041a4052ca5dd4a43c6a1cdb04d3b0454bb5f7af63fff7ec,https://www.vlr.gg/player/881/yay
64945,1,2026-10-06T16:00:26+00:00,957bbda398380427b9ac1a7e0584874167ef9398c68a376c84a04f1e0ad91d34,https://www.vlr.gg/player/8873/dgzin
57718,1,2026-10-06T15:58:23+00:00,78882b15bd22eef57c9f0cede2c1b9e4b01b6bc3a97dd4225a2dc85425c98cd0,https://www.vlr.gg/player/9/tenz
78432,1,2026-10-06T16:00:27+00:00,b682c0b61d9ede6116d8cd4d85f5a12f8602a139ab408e0d951355cc66d2e45f,https://www.vlr.gg/player/9063/infiltrator
72308,1,2026-10-06T16:00:27+00:00,7426cc35c42183e1abbaaa096b950a734cd6d60e136df131d7207de94fe87591,https://www.vlr.gg/player/9152/deryeon
48292,1,2026-10-06T16:00:28+00:00,43fa7ed76817ef6ec0140ee22273affb43a2fa752db95bd2b69bb36fc08314df,https://www.vlr.gg/player/9192/cloudy
64994,1,2026-10-06T16:00:29+00:00,305da6387ba544d192709fdc4c27cadc100ab4fbb9deb862b26c1c64a6350d1b,https://www.vlr.gg/player/9196/t3xture
52699,1,2026-10-06T15:58:28+00:00,c7c0528b0c36ff3ef0bb051eb00be80e9974aada7285caec42f9234a71b25df7,https://www.vlr.gg/player/92/scream
53839,1,2026-10-06T15:58:28+00:00,8cddc4aab63547d400e4a6df343afcc576eb462dd71a0d9492c9a6d5880343c0,https://www.vlr.gg/player/93/mixwell
61300,1,2026-10-06T15:58:51+00:00,8d15b8da31a7ad7febde5f7a7b8b418f7d022c043e99b1bc8f28eae0086a1750,https://www.vlr.gg/player/939/mwzera
70811,1,2026-10-06T16:00:29+00:00,e7a937e80c69c21373226c8c049152de384a58d5939c04f1b0f34fd5dd746a45,https://www.vlr.gg/player/9554/kaajak
68263,1,2026-10-06T16:00:30+00:00,b8d0bef9e568ee2396f9a4e227c7d759a7b704b09f884ffa2e2205853698ed21,https://www.vlr.gg/player/9780/jamppi
60089,1,2026-10-06T15:58:29+00:00,abf209026bdbd992a4cc134d646be24df319e9a07d90c2d0708f98b4928e82b2,https://www.vlr.gg/player/98/ardiis
54707,1,2026-10-06T16:00:30+00:00,e6e02b17ba01515949837884de3228a950cd34ceb35562047733c09ad010fc3f,https://www.vlr.gg/player/9800/mindfreak
75641,1,2026-10-06T16:00:31+00:00,00a1285a0d95c913c9c37f846b3341f6ceccf078309b78724deb86d5dd57d804,https://www.vlr.gg/player/9801/f0rsaken
73315,1,2026-10-06T16:00:32+00:00,a2a66e18c919e66487fff0b39002e832a3817f6dbe9a175cfa32fa09481662cb,https://www.vlr.gg/player/9803/d4v41
62682,1,2026-10-06T16:00:32+00:00,48ce5474acdc09926da70c2d3d3702e8aa6cc2a3140efcaa6a9cbffefa4b9274,https://www.vlr.gg/player/9810/alfajer
54847,1,2026-10-06T15:58:52+00:00,9e7dba27146e63767c5668c5825709278f7ff2f36f8375208f41cb98fff7dfdf,https://www.vlr.gg/player/985/efina
