context,factor,low_level,high_level,matches_per_level,weak_win_effect,weak_win_ci_low,weak_win_ci_high,weak_win_seed_clusters,weak_round_margin_effect,weak_round_margin_ci_low,weak_round_margin_ci_high,weak_round_margin_seed_clusters,weak_score_effect,weak_score_ci_low,weak_score_ci_high,weak_score_seed_clusters,strong_score_effect,strong_score_ci_low,strong_score_ci_high,strong_score_seed_clusters,rounds_won_added,rounds_won_added_ci_low,rounds_won_added_ci_high,opponent_rounds_denied,opponent_rounds_denied_ci_low,opponent_rounds_denied_ci_high,margin_reconciliation_error,seed_block_sign_agreement,baseline_level,treatment_level,weak_win_effect_pp
equal_75v75_core,agent_mastery,75,25,450,-0.07333333333333333,-0.100808831852022,-0.04585783481464467,45,-0.9844444444444446,-1.2439922541588864,-0.7248966347300029,45,-0.5533333333333333,-0.7507150957805282,-0.3559515708861385,45,0.43111111111111106,0.24748873210623482,0.6147334901159873,45,-0.5533333333333333,-0.7507150957805282,-0.3559515708861385,-0.43111111111111106,-0.6147334901159873,-0.24748873210623482,-1.6653345369377348e-16,1.0,75,25,-7.333333333333333
equal_75v75_core,agent_mastery,75,50,450,-0.04888888888888889,-0.07164534241711783,-0.026132435360659952,45,-0.6266666666666667,-0.856400355051202,-0.39693297828213137,45,-0.29777777777777775,-0.48192076293330416,-0.11363479262225135,45,0.32888888888888884,0.2098092528260566,0.44796852495172107,45,-0.29777777777777775,-0.48192076293330416,-0.11363479262225135,-0.32888888888888884,-0.44796852495172107,-0.2098092528260566,-1.1102230246251565e-16,1.0,75,50,-4.888888888888889
equal_75v75_core,agent_mastery,75,95,450,0.042222222222222223,0.02249143786101062,0.06195300658343383,45,0.5288888888888889,0.32607143209984457,0.7317063456779331,45,0.29777777777777775,0.16895579846522027,0.42659975709033526,45,-0.23111111111111113,-0.3886364923343688,-0.07358572988785345,45,0.29777777777777775,0.16895579846522027,0.42659975709033526,0.23111111111111113,0.07358572988785345,0.3886364923343688,-2.7755575615628914e-17,1.0,75,95,4.222222222222222
equal_75v75_core,agent_selection,auto,comfort_lock,450,0.0,0.0,0.0,45,0.0,0.0,0.0,45,0.0,0.0,0.0,45,0.0,0.0,0.0,45,0.0,0.0,0.0,-0.0,-0.0,-0.0,0.0,1.0,auto,comfort_lock,0.0
equal_75v75_core,agent_selection,auto,unfamiliar_same_role,450,-0.042222222222222223,-0.0758048953613083,-0.00863954908313614,45,-0.5044444444444445,-0.8924231547045023,-0.1164657341843866,45,-0.19777777777777783,-0.5145298877521756,0.1189743321966199,45,0.3066666666666667,0.05267574903115396,0.5606575843021795,45,-0.19777777777777783,-0.5145298877521756,0.1189743321966199,-0.3066666666666667,-0.5606575843021795,-0.05267574903115396,5.551115123125783e-17,1.0,auto,unfamiliar_same_role,-4.222222222222222
equal_75v75_core,chemistry_complex_system,65,100,450,0.11555555555555554,0.07119917173265397,0.1599119393784571,45,1.7088888888888887,1.3138956324998947,2.1038821452778826,45,0.842222222222222,0.5700560912187653,1.1143883532256786,45,-0.8666666666666667,-1.0993812689908966,-0.6339520643424367,45,0.842222222222222,0.5700560912187653,1.1143883532256786,0.8666666666666667,0.6339520643424367,1.0993812689908966,0.0,1.0,65,100,11.555555555555554
equal_75v75_core,chemistry_complex_system,65,20,450,-0.13999999999999999,-0.1791717045900421,-0.10082829540995784,45,-1.9777777777777779,-2.286886353467046,-1.6686692020885097,45,-1.153333333333333,-1.400214303245108,-0.9064523634215582,45,0.8244444444444444,0.6200619302828507,1.0288269586060381,45,-1.153333333333333,-1.400214303245108,-0.9064523634215582,-0.8244444444444444,-1.0288269586060381,-0.6200619302828507,-3.3306690738754696e-16,1.0,65,20,-13.999999999999998
equal_75v75_core,chemistry_neutral,65,100,450,0.0,0.0,0.0,45,0.0,0.0,0.0,45,0.0,0.0,0.0,45,0.0,0.0,0.0,45,0.0,0.0,0.0,-0.0,-0.0,-0.0,0.0,1.0,65,100,0.0
equal_75v75_core,chemistry_neutral,65,20,450,0.0,0.0,0.0,45,0.0,0.0,0.0,45,0.0,0.0,0.0,45,0.0,0.0,0.0,45,0.0,0.0,0.0,-0.0,-0.0,-0.0,0.0,1.0,65,20,0.0
equal_75v75_core,coach_quality,50,20,450,0.006666666666666665,-0.020808831852022,0.03414216518535533,45,-0.024444444444444442,-0.24891705540405526,0.2000281665151664,45,-0.004444444444444441,-0.18549421552847023,0.17660532663958134,45,0.02,-0.12920265945516005,0.16920265945516003,45,-0.004444444444444441,-0.18549421552847023,0.17660532663958134,-0.02,-0.16920265945516003,0.12920265945516005,0.0,0.6666666666666666,50,20,0.6666666666666665
equal_75v75_core,coach_quality,50,80,450,0.013333333333333332,-0.015738356717447527,0.04240502338411419,45,-0.004444444444444438,-0.2615304573859363,0.25264156849704744,45,0.08222222222222222,-0.1289851846730714,0.29342962911751586,45,0.08666666666666668,-0.10587502388276908,0.27920835721610243,45,0.08222222222222222,-0.1289851846730714,0.29342962911751586,-0.08666666666666668,-0.27920835721610243,0.10587502388276908,1.3877787807814457e-17,0.3333333333333333,50,80,1.3333333333333333
equal_75v75_core,confidence,50,20,450,-0.1022222222222222,-0.13873157205307665,-0.06571287239136775,45,-1.4044444444444446,-1.706373114094324,-1.1025157747945653,45,-0.6733333333333335,-0.8910556020686453,-0.4556110645980216,45,0.7311111111111113,0.483630764706263,0.9785914575159596,45,-0.6733333333333335,-0.8910556020686453,-0.4556110645980216,-0.7311111111111113,-0.9785914575159596,-0.483630764706263,1.1102230246251565e-16,1.0,50,20,-10.22222222222222
equal_75v75_core,confidence,50,80,450,0.10444444444444445,0.07309428217531924,0.13579460671356966,45,1.5777777777777777,1.2615182460564756,1.89403730949908,45,0.5955555555555556,0.39535094579295116,0.7957601653181601,45,-0.9822222222222221,-1.2450165565677558,-0.7194278878766884,45,0.5955555555555556,0.39535094579295116,0.7957601653181601,0.9822222222222221,0.7194278878766884,1.2450165565677558,0.0,1.0,50,80,10.444444444444445
equal_75v75_core,counter_edge,0,-3,450,-0.11777777777777776,-0.15184561900013138,-0.08370993655542414,45,-1.6111111111111112,-1.9102594711647582,-1.311962751057464,45,-0.8155555555555556,-1.0664222791870799,-0.5646888319240312,45,0.7955555555555555,0.5761854481697191,1.0149256629413919,45,-0.8155555555555556,-1.0664222791870799,-0.5646888319240312,-0.7955555555555555,-1.0149256629413919,-0.5761854481697191,-1.1102230246251565e-16,1.0,0,-3,-11.777777777777775
equal_75v75_core,counter_edge,0,3,450,0.11777777777777776,0.08370993655542414,0.15184561900013138,45,1.6111111111111112,1.311962751057464,1.9102594711647582,45,0.7955555555555555,0.5761854481697191,1.0149256629413919,45,-0.8155555555555556,-1.0664222791870799,-0.5646888319240312,45,0.7955555555555555,0.5761854481697191,1.0149256629413919,0.8155555555555556,0.5646888319240312,1.0664222791870799,1.1102230246251565e-16,1.0,0,3,11.777777777777775
equal_75v75_core,focus_target,none,captain,450,0.0,-0.015689615288018398,0.015689615288018398,45,0.024444444444444435,-0.1451625894752489,0.19405147836413777,45,0.0311111111111111,-0.08591810377423598,0.14814032599645818,45,0.006666666666666659,-0.11610728812106777,0.12944062145440108,45,0.0311111111111111,-0.08591810377423598,0.14814032599645818,-0.006666666666666659,-0.12944062145440108,0.11610728812106777,-5.204170427930421e-18,0.3333333333333333,none,captain,0.0
equal_75v75_core,focus_target,none,highest_id,450,0.0022222222222222222,-0.014094083657652124,0.01853852810209657,45,-0.006666666666666668,-0.17714765160558243,0.16381431827224907,45,-0.03777777777777778,-0.1672034562126726,0.09164790065711706,45,-0.03111111111111111,-0.14778922585727391,0.08556700363505168,45,-0.03777777777777778,-0.1672034562126726,0.09164790065711706,0.03111111111111111,-0.08556700363505168,0.14778922585727391,0.0,0.3333333333333333,none,highest_id,0.2222222222222222
equal_75v75_core,form,50,20,450,-0.1488888888888889,-0.1806722844430849,-0.11710549333469292,45,-1.9866666666666668,-2.26369687878669,-1.7096364545466436,45,-0.9533333333333335,-1.2159958002920814,-0.6906708663745855,45,1.0333333333333334,0.8199314936999464,1.2467351729667204,45,-0.9533333333333335,-1.2159958002920814,-0.6906708663745855,-1.0333333333333334,-1.2467351729667204,-0.8199314936999464,2.220446049250313e-16,1.0,50,20,-14.888888888888891
equal_75v75_core,form,50,80,450,0.1488888888888889,0.11710549333469292,0.1806722844430849,45,1.9866666666666668,1.7096364545466436,2.26369687878669,45,1.0333333333333334,0.8199314936999464,1.2467351729667204,45,-0.9533333333333335,-1.2159958002920814,-0.6906708663745855,45,1.0333333333333334,0.8199314936999464,1.2467351729667204,0.9533333333333335,0.6906708663745855,1.2159958002920814,-1.1102230246251565e-16,1.0,50,80,14.888888888888891
equal_75v75_core,halftime_talk,none,challenge,450,-0.006666666666666666,-0.02829330886982523,0.014959975536491898,45,-0.12000000000000001,-0.3030380402956921,0.06303804029569206,45,-0.024444444444444446,-0.15573749065167522,0.10684860176278634,45,0.09555555555555555,-0.05492788914275769,0.24603900025386877,45,-0.024444444444444446,-0.15573749065167522,0.10684860176278634,-0.09555555555555555,-0.24603900025386877,0.05492788914275769,-1.3877787807814457e-17,0.6666666666666666,none,challenge,-0.6666666666666666
equal_75v75_core,halftime_talk,none,demand_more,450,-0.17777777777777776,-0.22977052451842636,-0.12578503103712915,45,-2.8200000000000003,-3.439345783215798,-2.2006542167842027,45,-1.6777777777777778,-2.1175485278844,-1.2380070276711557,45,1.1422222222222222,0.8681782726175724,1.416266171826872,45,-1.6777777777777778,-2.1175485278844,-1.2380070276711557,-1.1422222222222222,-1.416266171826872,-0.8681782726175724,-2.220446049250313e-16,1.0,none,demand_more,-17.777777777777775
equal_75v75_core,halftime_talk,none,reassure,450,0.14222222222222222,0.10300399540130734,0.1814404490431371,45,1.9777777777777779,1.5295062720607118,2.426049283494844,45,0.8444444444444444,0.6052480771830169,1.083640811705872,45,-1.1333333333333333,-1.4586170627957946,-0.8080496038708719,45,0.8444444444444444,0.6052480771830169,1.083640811705872,1.1333333333333333,0.8080496038708719,1.4586170627957946,0.0,1.0,none,reassure,14.222222222222221
equal_75v75_core,map_mastery,75,25,450,-0.07333333333333333,-0.100808831852022,-0.04585783481464467,45,-0.9844444444444446,-1.2439922541588864,-0.7248966347300029,45,-0.5533333333333333,-0.7507150957805282,-0.3559515708861385,45,0.43111111111111106,0.24748873210623482,0.6147334901159873,45,-0.5533333333333333,-0.7507150957805282,-0.3559515708861385,-0.43111111111111106,-0.6147334901159873,-0.24748873210623482,-1.6653345369377348e-16,1.0,75,25,-7.333333333333333
equal_75v75_core,map_mastery,75,50,450,-0.04888888888888889,-0.07164534241711783,-0.026132435360659952,45,-0.6266666666666667,-0.856400355051202,-0.39693297828213137,45,-0.29777777777777775,-0.48192076293330416,-0.11363479262225135,45,0.32888888888888884,0.2098092528260566,0.44796852495172107,45,-0.29777777777777775,-0.48192076293330416,-0.11363479262225135,-0.32888888888888884,-0.44796852495172107,-0.2098092528260566,-1.1102230246251565e-16,1.0,75,50,-4.888888888888889
equal_75v75_core,map_mastery,75,95,450,0.042222222222222223,0.02249143786101062,0.06195300658343383,45,0.5288888888888889,0.32607143209984457,0.7317063456779331,45,0.29777777777777775,0.16895579846522027,0.42659975709033526,45,-0.23111111111111113,-0.3886364923343688,-0.07358572988785345,45,0.29777777777777775,0.16895579846522027,0.42659975709033526,0.23111111111111113,0.07358572988785345,0.3886364923343688,-2.7755575615628914e-17,1.0,75,95,4.222222222222222
equal_75v75_core,morale,50,20,450,-0.08888888888888889,-0.11908356758895251,-0.05869421018882527,45,-1.1844444444444446,-1.4623142460476504,-0.906574642841239,45,-0.6244444444444444,-0.8457881219680426,-0.40310076692084607,45,0.5599999999999999,0.34274933921079465,0.7772506607892052,45,-0.6244444444444444,-0.8457881219680426,-0.40310076692084607,-0.5599999999999999,-0.7772506607892052,-0.34274933921079465,-3.3306690738754696e-16,1.0,50,20,-8.88888888888889
equal_75v75_core,morale,50,80,450,0.08888888888888889,0.05869421018882527,0.11908356758895251,45,1.1844444444444446,0.906574642841239,1.4623142460476504,45,0.5599999999999999,0.34274933921079465,0.7772506607892052,45,-0.6244444444444444,-0.8457881219680426,-0.40310076692084607,45,0.5599999999999999,0.34274933921079465,0.7772506607892052,0.6244444444444444,0.40310076692084607,0.8457881219680426,3.3306690738754696e-16,1.0,50,80,8.88888888888889
equal_75v75_core,prep_edge,0,0.75,450,0.017777777777777778,-0.010353552864807655,0.04590910842036321,45,0.25111111111111106,-0.028059881198863545,0.5302821034210856,45,0.12666666666666668,-0.05488597951051835,0.30821931284385173,45,-0.12444444444444445,-0.3315191899362624,0.0826303010473735,45,0.12666666666666668,-0.05488597951051835,0.30821931284385173,0.12444444444444445,-0.0826303010473735,0.3315191899362624,-6.938893903907228e-17,0.6666666666666666,0,0.75,1.7777777777777777
equal_75v75_core,prep_edge,0,1.5,450,0.042222222222222223,0.00863954908313614,0.0758048953613083,45,0.5333333333333332,0.1976831134677186,0.8689835531989478,45,0.15555555555555553,-0.060098720771212144,0.3712098318823232,45,-0.37777777777777777,-0.6309183382046251,-0.12463721735093042,45,0.15555555555555553,-0.060098720771212144,0.3712098318823232,0.37777777777777777,0.12463721735093042,0.6309183382046251,-1.1102230246251565e-16,1.0,0,1.5,4.222222222222222
equal_75v75_core,stamina,100,40,450,-0.19333333333333333,-0.22746801362567673,-0.15919865304098993,45,-2.9333333333333327,-3.2927705146351283,-2.573896152031537,45,-1.7155555555555557,-2.0234050760990745,-1.4077060350120372,45,1.2177777777777776,0.9757056997122636,1.4598498558432915,45,-1.7155555555555557,-2.0234050760990745,-1.4077060350120372,-1.2177777777777776,-1.4598498558432915,-0.9757056997122636,6.661338147750939e-16,1.0,100,40,-19.333333333333332
equal_75v75_core,stamina,100,70,450,-0.11777777777777776,-0.15184561900013138,-0.08370993655542414,45,-1.6111111111111112,-1.9102594711647582,-1.311962751057464,45,-0.8155555555555556,-1.0664222791870799,-0.5646888319240312,45,0.7955555555555555,0.5761854481697191,1.0149256629413919,45,-0.8155555555555556,-1.0664222791870799,-0.5646888319240312,-0.7955555555555555,-1.0149256629413919,-0.5761854481697191,-1.1102230246251565e-16,1.0,100,70,-11.777777777777775
equal_75v75_core,tactic_aggression,50,0,450,-0.06000000000000001,-0.10170802237453301,-0.018291977625467012,45,-0.9066666666666667,-1.4103008735408182,-0.40303245979251534,45,-0.6622222222222223,-1.0234406978317545,-0.30100374661268997,45,0.2444444444444445,-0.06470837071870741,0.5535972596075964,45,-0.6622222222222223,-1.0234406978317545,-0.30100374661268997,-0.2444444444444445,-0.5535972596075964,0.06470837071870741,2.7755575615628914e-17,1.0,50,0,-6.000000000000001
equal_75v75_core,tactic_aggression,50,100,450,0.23333333333333328,0.19767036265769963,0.26899630400896696,45,3.46,3.060638417386759,3.859361582613241,45,1.5155555555555555,1.205316435736358,1.8257946753747532,45,-1.9444444444444444,-2.304882157528691,-1.5840067313601975,45,1.5155555555555555,1.205316435736358,1.8257946753747532,1.9444444444444444,1.5840067313601975,2.304882157528691,0.0,1.0,50,100,23.33333333333333
equal_75v75_core,tactic_aggression,50,25,450,0.006666666666666668,-0.030901144376119925,0.04423447770945326,45,-0.015555555555555555,-0.45285019180463343,0.42173908069352234,45,-0.09333333333333332,-0.4449464449659283,0.25827977829926163,45,-0.07777777777777775,-0.3884089744374355,0.23285341888188002,45,-0.09333333333333332,-0.4449464449659283,0.25827977829926163,0.07777777777777775,-0.23285341888188002,0.3884089744374355,1.3877787807814457e-17,0.3333333333333333,50,25,0.6666666666666667
equal_75v75_core,tactic_aggression,50,75,450,0.13777777777777775,0.09762907265117952,0.17792648290437596,45,2.075555555555556,1.5989700699465335,2.552141041164578,45,0.8644444444444445,0.5356383958226214,1.1932504930662675,45,-1.211111111111111,-1.5728932628898007,-0.8493289593324213,45,0.8644444444444445,0.5356383958226214,1.1932504930662675,1.211111111111111,0.8493289593324213,1.5728932628898007,2.220446049250313e-16,1.0,50,75,13.777777777777775
equal_75v75_core,tactic_eco_greed,50,0,450,-0.11555555555555558,-0.1469057178246808,-0.08420539328643037,45,-1.5422222222222224,-1.8420737777060285,-1.2423706667384162,45,-0.7977777777777777,-1.0424795226100603,-0.553076032945495,45,0.7444444444444445,0.5208508608459719,0.968038028042917,45,-0.7977777777777777,-1.0424795226100603,-0.553076032945495,-0.7444444444444445,-0.968038028042917,-0.5208508608459719,-2.220446049250313e-16,1.0,50,0,-11.555555555555557
equal_75v75_core,tactic_eco_greed,50,100,450,-0.09333333333333334,-0.13090114437611994,-0.05576552229054675,45,-1.3622222222222222,-1.7352860006484412,-0.9891584437960033,45,-0.7622222222222224,-1.0322545016525275,-0.4921899427919171,45,0.6000000000000001,0.3347418528349773,0.8652581471650229,45,-0.7622222222222224,-1.0322545016525275,-0.4921899427919171,-0.6000000000000001,-0.8652581471650229,-0.3347418528349773,2.220446049250313e-16,1.0,50,100,-9.333333333333334
equal_75v75_core,tactic_eco_greed,50,25,450,-0.002222222222222223,-0.023933015102046745,0.0194885706576023,45,-0.046666666666666676,-0.2545762703332246,0.16124293699989128,45,-0.008888888888888884,-0.19605206071177325,0.17827428293399547,45,0.037777777777777785,-0.10083191350386746,0.17638746905942304,45,-0.008888888888888884,-0.19605206071177325,0.17827428293399547,-0.037777777777777785,-0.17638746905942304,0.10083191350386746,-6.938893903907228e-18,0.3333333333333333,50,25,-0.22222222222222232
equal_75v75_core,tactic_eco_greed,50,75,450,-0.04888888888888889,-0.07652980430550388,-0.021247973472273904,45,-0.8733333333333333,-1.169876747066437,-0.5767899196002295,45,-0.5222222222222223,-0.7465790476356298,-0.2978653968088148,45,0.35111111111111115,0.1620070669902506,0.5402151552319717,45,-0.5222222222222223,-0.7465790476356298,-0.2978653968088148,-0.35111111111111115,-0.5402151552319717,-0.1620070669902506,1.1102230246251565e-16,1.0,50,75,-4.888888888888889
equal_75v75_core,tactic_map_control,50,0,450,0.060000000000000005,0.027089185323081265,0.09291081467691875,45,0.8022222222222223,0.3887733767303769,1.2156710677140676,45,0.31777777777777777,0.05741454172725341,0.5781410138283021,45,-0.48444444444444446,-0.8256082385593286,-0.14328065032956028,45,0.31777777777777777,0.05741454172725341,0.5781410138283021,0.48444444444444446,0.14328065032956028,0.8256082385593286,5.551115123125783e-17,1.0,50,0,6.000000000000001
equal_75v75_core,tactic_map_control,50,100,450,0.006666666666666668,-0.022964145552938,0.036297478886271335,45,0.14888888888888888,-0.1740925676517632,0.471870345429541,45,0.060000000000000005,-0.21034440974312657,0.33034440974312657,45,-0.08888888888888886,-0.3202085074115002,0.1424307296337225,45,0.060000000000000005,-0.21034440974312657,0.33034440974312657,0.08888888888888886,-0.1424307296337225,0.3202085074115002,1.3877787807814457e-17,0.6666666666666666,50,100,0.6666666666666667
equal_75v75_core,tactic_map_control,50,25,450,0.04222222222222223,0.009256048692592028,0.07518839575185243,45,0.5688888888888889,0.18293167563844448,0.9548461021393333,45,0.25555555555555554,0.010513133857285112,0.5005979772538259,45,-0.31333333333333335,-0.6447768431173306,0.018110176450663984,45,0.25555555555555554,0.010513133857285112,0.5005979772538259,0.31333333333333335,-0.018110176450663984,0.6447768431173306,0.0,1.0,50,25,4.222222222222223
equal_75v75_core,tactic_map_control,50,75,450,0.006666666666666666,-0.024972976927035262,0.0383063102603686,45,0.08888888888888889,-0.24963507210524893,0.42741284988302675,45,0.013333333333333303,-0.2764364889600201,0.3031031556266867,45,-0.07555555555555557,-0.28282833451232836,0.1317172234012172,45,0.013333333333333303,-0.2764364889600201,0.3031031556266867,0.07555555555555557,-0.1317172234012172,0.28282833451232836,1.3877787807814457e-17,0.6666666666666666,50,75,0.6666666666666666
equal_75v75_core,tactic_pace,50,0,450,0.013333333333333336,-0.02267310887080158,0.04933977553746825,45,-0.017777777777777743,-0.4311174537042264,0.39556189814867093,45,0.008888888888888877,-0.28483410650826385,0.30261188428604163,45,0.026666666666666686,-0.25952728425696,0.3128606175902933,45,0.008888888888888877,-0.28483410650826385,0.30261188428604163,-0.026666666666666686,-0.3128606175902933,0.25952728425696,6.591949208711867e-17,0.6666666666666666,50,0,1.3333333333333335
equal_75v75_core,tactic_pace,50,100,450,-0.06222222222222222,-0.10484915283243097,-0.01959529161201347,45,-0.9155555555555555,-1.3852822848616413,-0.4458288262494697,45,-0.5044444444444445,-0.8325509994306401,-0.17633788945824885,45,0.4111111111111111,0.06801265606691126,0.754209566155311,45,-0.5044444444444445,-0.8325509994306401,-0.17633788945824885,-0.4111111111111111,-0.754209566155311,-0.06801265606691126,1.1102230246251565e-16,1.0,50,100,-6.222222222222222
equal_75v75_core,tactic_pace,50,25,450,6.167905692361981e-19,-0.024807459960968423,0.024807459960968423,45,0.013333333333333315,-0.31773861677728654,0.34440528344395316,45,0.02666666666666668,-0.1993763529591153,0.25270968629244867,45,0.013333333333333348,-0.2668628728516329,0.29352953951829963,45,0.02666666666666668,-0.1993763529591153,0.25270968629244867,-0.013333333333333348,-0.29352953951829963,0.2668628728516329,-1.5612511283791264e-17,0.3333333333333333,50,25,6.167905692361981e-17
equal_75v75_core,tactic_pace,50,75,450,-0.07111111111111112,-0.10477513117552849,-0.03744709104669376,45,-0.7155555555555555,-1.1013072002958673,-0.32980391081524363,45,-0.3222222222222222,-0.6340398490842536,-0.010404595360190727,45,0.39333333333333326,0.08914086452065029,0.6975258021460162,45,-0.3222222222222222,-0.6340398490842536,-0.010404595360190727,-0.39333333333333326,-0.6975258021460162,-0.08914086452065029,-5.551115123125783e-17,1.0,50,75,-7.1111111111111125
equal_75v75_core,tactic_util_discipline,50,0,450,0.03333333333333334,0.01307812709370116,0.05358853957296552,45,0.4533333333333332,0.2716451495141443,0.6350215171525221,45,0.25555555555555554,0.12295656000349842,0.38815455110761266,45,-0.19777777777777775,-0.32483603857263493,-0.07071951698292056,45,0.25555555555555554,0.12295656000349842,0.38815455110761266,0.19777777777777775,0.07071951698292056,0.32483603857263493,-8.326672684688674e-17,1.0,50,0,3.333333333333334
equal_75v75_core,tactic_util_discipline,50,100,450,-0.08222222222222222,-0.11805097910122248,-0.04639346534322198,45,-1.0799999999999998,-1.5085591921844168,-0.651440807815583,45,-0.5555555555555556,-0.9107186588181968,-0.2003924522929144,45,0.5244444444444445,0.19557601338381864,0.8533128755050703,45,-0.5555555555555556,-0.9107186588181968,-0.2003924522929144,-0.5244444444444445,-0.8533128755050703,-0.19557601338381864,2.220446049250313e-16,1.0,50,100,-8.222222222222223
equal_75v75_core,tactic_util_discipline,50,25,450,0.02,0.00354459266154062,0.03645540733845938,45,0.18666666666666668,0.05085101529960537,0.32248231803372795,45,0.12000000000000001,0.0274889049743907,0.21251109502560933,45,-0.06666666666666667,-0.15948768247672293,0.0261543491433896,45,0.12000000000000001,0.0274889049743907,0.21251109502560933,0.06666666666666667,-0.0261543491433896,0.15948768247672293,0.0,0.6666666666666666,50,25,2.0
equal_75v75_core,tactic_util_discipline,50,75,450,-0.026666666666666665,-0.0576511742269859,0.004317840893652575,45,-0.42444444444444446,-0.7636907636095419,-0.085198125279347,45,-0.24444444444444444,-0.6107533143389997,0.12186442545011086,45,0.18,-0.04714748566715393,0.4071474856671539,45,-0.24444444444444444,-0.6107533143389997,0.12186442545011086,-0.18,-0.4071474856671539,0.04714748566715393,-2.7755575615628914e-17,1.0,50,75,-2.6666666666666665
equal_75v75_core,touchline_shout,none,demand_effort,450,-0.08000000000000002,-0.1208131096833939,-0.03918689031660614,45,-1.2955555555555556,-1.7058900186911718,-0.8852210924199393,45,-0.7400000000000001,-1.0128369513697377,-0.46716304863026237,45,0.5555555555555556,0.30414972138241975,0.8069613897286914,45,-0.7400000000000001,-1.0128369513697377,-0.46716304863026237,-0.5555555555555556,-0.8069613897286914,-0.30414972138241975,1.1102230246251565e-16,1.0,none,demand_effort,-8.000000000000002
equal_75v75_core,touchline_shout,none,encourage,450,0.11777777777777777,0.08892645022247334,0.1466291053330822,45,1.5444444444444445,1.2068711775248149,1.8820177113640741,45,0.5933333333333333,0.38752608435607316,0.7991405823105934,45,-0.9511111111111112,-1.2261364045304615,-0.676085817691761,45,0.5933333333333333,0.38752608435607316,0.7991405823105934,0.9511111111111112,0.676085817691761,1.2261364045304615,0.0,1.0,none,encourage,11.777777777777777
equal_75v75_core,touchline_shout,none,focus,450,0.024444444444444446,-0.004311925110363216,0.05320081399925211,45,0.27999999999999997,-0.01759303043887639,0.5775930304388763,45,0.08666666666666664,-0.10714930443841733,0.28048263777175064,45,-0.19333333333333333,-0.3999364369775815,0.013269770310914863,45,0.08666666666666664,-0.10714930443841733,0.28048263777175064,0.19333333333333333,-0.013269770310914863,0.3999364369775815,0.0,0.6666666666666666,none,focus,2.4444444444444446
equal_75v75_core,touchline_shout,none,play_safe,450,0.08000000000000002,0.043428272966939206,0.11657172703306082,45,1.068888888888889,0.6431524851704629,1.4946252926073151,45,0.41555555555555557,0.15823027490070835,0.6728808362104028,45,-0.6533333333333333,-0.9715141925972495,-0.33515247406941717,45,0.41555555555555557,0.15823027490070835,0.6728808362104028,0.6533333333333333,0.33515247406941717,0.9715141925972495,1.1102230246251565e-16,1.0,none,play_safe,8.000000000000002
equal_75v75_mechanisms,igl_experience,100,40,450,-0.006666666666666668,-0.016589650651054038,0.003256317317720702,45,-0.06444444444444446,-0.15300291995483395,0.02411403106594502,45,0.00444444444444444,-0.08195666709527491,0.0908455559841638,45,0.06888888888888889,0.014605607985300861,0.12317216979247692,45,0.00444444444444444,-0.08195666709527491,0.0908455559841638,-0.06888888888888889,-0.12317216979247692,-0.014605607985300861,-1.3877787807814457e-17,1.0,100,40,-0.6666666666666667
equal_75v75_mechanisms,igl_experience,100,60,450,-0.0022222222222222222,-0.010037921017634255,0.00559347657318981,45,-0.022222222222222223,-0.08192833423128121,0.03748388978683677,45,0.031111111111111103,-0.029255596032271354,0.09147781825449355,45,0.053333333333333344,0.006439140560861145,0.10022752610580554,45,0.031111111111111103,-0.029255596032271354,0.09147781825449355,-0.053333333333333344,-0.10022752610580554,-0.006439140560861145,1.3877787807814457e-17,0.6666666666666666,100,60,-0.2222222222222222
equal_75v75_mechanisms,igl_experience,100,80,450,0.0022222222222222222,-0.0022563723876528074,0.006700816832097252,45,0.015555555555555555,-0.017699740086544704,0.04881085119765581,45,0.026666666666666665,-0.02820961789967083,0.08154295123300416,45,0.011111111111111112,-0.011281861938264042,0.03350408416048627,45,0.026666666666666665,-0.02820961789967083,0.08154295123300416,-0.011111111111111112,-0.03350408416048627,0.011281861938264042,1.734723475976807e-18,0.3333333333333333,100,80,0.2222222222222222
equal_75v75_mechanisms,role_assignment,rotated,aligned,450,0.29333333333333333,0.2568739621019954,0.32979270456467125,45,4.846666666666667,4.375124769353346,5.318208563979987,45,1.5133333333333334,1.2945583519286066,1.7321083147380603,45,-3.3333333333333335,-3.7527188337080624,-2.9139478329586046,45,1.5133333333333334,1.2945583519286066,1.7321083147380603,3.3333333333333335,2.9139478329586046,3.7527188337080624,-4.440892098500626e-16,1.0,rotated,aligned,29.333333333333332
equal_75v75_mechanisms,role_assignment,rotated,worst_fit,450,-0.17777777777777778,-0.22857308956631014,-0.12698246598924542,45,-2.377777777777778,-2.9418366820152455,-1.8137188735403107,45,-1.0044444444444445,-1.3859180927890917,-0.6229707960997973,45,1.3733333333333333,1.0125631474657435,1.734103519200923,45,-1.0044444444444445,-1.3859180927890917,-0.6229707960997973,-1.3733333333333333,-1.734103519200923,-1.0125631474657435,-4.440892098500626e-16,1.0,rotated,worst_fit,-17.77777777777778
equal_75v75_mechanisms,role_comfort,100,40,450,-0.16444444444444445,-0.20076601992988713,-0.12812286895900177,45,-2.0977777777777784,-2.4605942025062335,-1.7349613530493235,45,-1.0955555555555554,-1.3957808677912509,-0.7953302433198599,45,1.0022222222222223,0.7463733178091292,1.2580711266353155,45,-1.0955555555555554,-1.3957808677912509,-0.7953302433198599,-1.0022222222222223,-1.2580711266353155,-0.7463733178091292,-6.661338147750939e-16,1.0,100,40,-16.444444444444446
equal_75v75_mechanisms,role_comfort,100,60,450,-0.10666666666666665,-0.143684406853846,-0.06964892647948728,45,-1.3977777777777778,-1.8058329153959574,-0.9897226401595982,45,-0.7066666666666667,-0.9909908948952317,-0.42234243843810165,45,0.6911111111111111,0.4033857658655271,0.9788364563566951,45,-0.7066666666666667,-0.9909908948952317,-0.42234243843810165,-0.6911111111111111,-0.9788364563566951,-0.4033857658655271,0.0,1.0,100,60,-10.666666666666664
equal_75v75_mechanisms,role_comfort,100,80,450,-0.06000000000000001,-0.09473044394535582,-0.02526955605464421,45,-0.8,-1.1383892733302587,-0.46161072666974134,45,-0.4377777777777777,-0.6812019515704648,-0.1943536039850906,45,0.36222222222222233,0.13134051142769695,0.5931039330167477,45,-0.4377777777777777,-0.6812019515704648,-0.1943536039850906,-0.36222222222222233,-0.5931039330167477,-0.13134051142769695,0.0,1.0,100,80,-6.000000000000001
equal_75v75_mechanisms,shared_language,50,100,450,0.0,0.0,0.0,45,0.0,0.0,0.0,45,0.0,0.0,0.0,45,0.0,0.0,0.0,45,0.0,0.0,0.0,-0.0,-0.0,-0.0,0.0,1.0,50,100,0.0
equal_75v75_mechanisms,shared_language,50,20,450,0.0,0.0,0.0,45,0.0,0.0,0.0,45,0.0,0.0,0.0,45,0.0,0.0,0.0,45,0.0,0.0,0.0,-0.0,-0.0,-0.0,0.0,1.0,50,20,0.0
equal_75v75_mechanisms,shared_language,50,75,450,0.0,0.0,0.0,45,0.0,0.0,0.0,45,0.0,0.0,0.0,45,0.0,0.0,0.0,45,0.0,0.0,0.0,-0.0,-0.0,-0.0,0.0,1.0,50,75,0.0
equal_75v75_mechanisms,shared_language,50,no_common,450,0.0,0.0,0.0,45,0.0,0.0,0.0,45,0.0,0.0,0.0,45,0.0,0.0,0.0,45,0.0,0.0,0.0,-0.0,-0.0,-0.0,0.0,1.0,50,no_common,0.0
normalized_65v85,agent_mastery,75,25,900,-0.003333333333333334,-0.007114065848880377,0.00044739918221370833,90,-0.39777777777777784,-0.4762067480141644,-0.3193488075413913,90,-0.3822222222222223,-0.45910245955568846,-0.30534198488875613,90,0.015555555555555557,-0.009740422327258145,0.04085153343836926,90,-0.3822222222222223,-0.45910245955568846,-0.30534198488875613,-0.015555555555555557,-0.04085153343836926,0.009740422327258145,1.214306433183765e-17,1.0,75,25,-0.33333333333333337
normalized_65v85,agent_mastery,75,50,900,-0.0022222222222222222,-0.005326867826915935,0.0008824233824714905,90,-0.24333333333333332,-0.3133323582472941,-0.1733343084193725,90,-0.23333333333333336,-0.3021929323603248,-0.16447373430634193,90,0.010000000000000002,-0.013295423649943638,0.033295423649943645,90,-0.23333333333333336,-0.3021929323603248,-0.16447373430634193,-0.010000000000000002,-0.033295423649943645,0.013295423649943638,4.85722573273506e-17,1.0,75,50,-0.2222222222222222
normalized_65v85,agent_mastery,75,95,900,0.003333333333333334,-0.00044739918221370833,0.007114065848880377,90,0.18,0.11734689785257643,0.24265310214742355,90,0.18222222222222226,0.11883565979299046,0.24560878465145405,90,0.0022222222222222222,-0.008644037394205772,0.013088481838650218,90,0.18222222222222226,0.11883565979299046,0.24560878465145405,-0.0022222222222222222,-0.013088481838650218,0.008644037394205772,-4.206704429243757e-17,1.0,75,95,0.33333333333333337
normalized_65v85,agent_selection,auto,comfort_lock,900,0.0,0.0,0.0,90,0.0,0.0,0.0,90,0.0,0.0,0.0,90,0.0,0.0,0.0,90,0.0,0.0,0.0,-0.0,-0.0,-0.0,0.0,1.0,auto,comfort_lock,0.0
normalized_65v85,agent_selection,auto,unfamiliar_same_role,900,-0.003333333333333334,-0.00995659566502094,0.0032899289983542718,90,0.07555555555555557,-0.07074735923339309,0.22185847034450423,90,0.0888888888888889,-0.05992374128706193,0.23770151906483974,90,0.013333333333333336,-0.02857938233003178,0.05524604899669845,90,0.0888888888888889,-0.05992374128706193,0.23770151906483974,-0.013333333333333336,-0.05524604899669845,0.02857938233003178,0.0,0.6666666666666666,auto,unfamiliar_same_role,-0.33333333333333337
normalized_65v85,chemistry_neutral,65,100,900,0.0,0.0,0.0,90,0.0,0.0,0.0,90,0.0,0.0,0.0,90,0.0,0.0,0.0,90,0.0,0.0,0.0,-0.0,-0.0,-0.0,0.0,1.0,65,100,0.0
normalized_65v85,chemistry_neutral,65,20,900,0.0,0.0,0.0,90,0.0,0.0,0.0,90,0.0,0.0,0.0,90,0.0,0.0,0.0,90,0.0,0.0,0.0,-0.0,-0.0,-0.0,0.0,1.0,65,20,0.0
normalized_65v85,coach_quality,50,20,900,-0.0022222222222222222,-0.005326867826915936,0.0008824233824714909,90,-0.027777777777777776,-0.10868458717951589,0.053129031623960335,90,-0.025555555555555554,-0.10901333329949348,0.05790222218838237,90,0.0022222222222222227,-0.013152115496605304,0.01759655994104975,90,-0.025555555555555554,-0.10901333329949348,0.05790222218838237,-0.0022222222222222227,-0.01759655994104975,0.013152115496605304,0.0,0.6666666666666666,50,20,-0.2222222222222222
normalized_65v85,coach_quality,50,80,900,-0.0011111111111111111,-0.006069937106532198,0.0038477148843099754,90,-0.024444444444444432,-0.1284500722016838,0.07956118331279495,90,-0.019999999999999993,-0.11919750158518577,0.07919750158518579,90,0.004444444444444442,-0.017958145980921388,0.02684703486981027,90,-0.019999999999999993,-0.11919750158518577,0.07919750158518579,-0.004444444444444442,-0.02684703486981027,0.017958145980921388,3.469446951953614e-18,0.6666666666666666,50,80,-0.1111111111111111
normalized_65v85,confidence,50,20,900,-0.003333333333333334,-0.007114065848880377,0.00044739918221370833,90,-0.48111111111111116,-0.5825050812057038,-0.37971714101651854,90,-0.48000000000000004,-0.577645019210508,-0.382354980789492,90,0.001111111111111111,-0.033066440345686336,0.03528866256790856,90,-0.48000000000000004,-0.577645019210508,-0.382354980789492,-0.001111111111111111,-0.03528866256790856,0.033066440345686336,-7.37257477290143e-18,1.0,50,20,-0.33333333333333337
normalized_65v85,confidence,50,80,900,0.010000000000000002,0.001091801383745615,0.01890819861625439,90,0.6288888888888889,0.5135174920515903,0.7442602857261876,90,0.5888888888888889,0.47929286021429224,0.6984849175634856,90,-0.04000000000000001,-0.08006075699570435,6.075699570433357e-05,90,0.5888888888888889,0.47929286021429224,0.6984849175634856,0.04000000000000001,-6.075699570433357e-05,0.08006075699570435,2.7755575615628914e-17,1.0,50,80,1.0000000000000002
normalized_65v85,counter_edge,0,-3,900,-0.0044444444444444444,-0.008784896066432391,-0.00010399282245649767,90,-0.4966666666666667,-0.5931053773811334,-0.40022795595219995,90,-0.4822222222222223,-0.5767576265325354,-0.3876868179119092,90,0.014444444444444446,-0.012115703441181605,0.0410045923300705,90,-0.4822222222222223,-0.5767576265325354,-0.3876868179119092,-0.014444444444444446,-0.0410045923300705,0.012115703441181605,1.9081958235744878e-17,1.0,0,-3,-0.4444444444444444
normalized_65v85,counter_edge,0,3,900,0.01,0.0016634471112720994,0.018336552888727903,90,0.63,0.5146198216679277,0.7453801783320723,90,0.6066666666666668,0.4974149782581495,0.7159183550751841,90,-0.023333333333333334,-0.057590911010621235,0.01092424434395457,90,0.6066666666666668,0.4974149782581495,0.7159183550751841,0.023333333333333334,-0.01092424434395457,0.057590911010621235,-1.2836953722228372e-16,1.0,0,3,1.0
normalized_65v85,focus_target,none,captain,900,0.0011111111111111111,-0.002727126340217929,0.004949348562440152,90,-0.028888888888888895,-0.10186607372720251,0.04408829594942472,90,-0.028888888888888895,-0.09690182458497378,0.039124046807195986,90,3.0839528461809905e-19,-0.02034775952883564,0.02034775952883564,90,-0.028888888888888895,-0.09690182458497378,0.039124046807195986,-3.0839528461809905e-19,-0.02034775952883564,0.02034775952883564,3.0839528461809905e-19,1.0,none,captain,0.1111111111111111
normalized_65v85,focus_target,none,highest_id,900,0.0011111111111111111,-0.0038477148843099763,0.006069937106532199,90,-0.0077777777777777845,-0.07918347623960623,0.06362792068405065,90,-0.006666666666666668,-0.07107318411055022,0.05773985077721688,90,0.0011111111111111118,-0.022066467673071164,0.024288689895293387,90,-0.006666666666666668,-0.07107318411055022,0.05773985077721688,-0.0011111111111111118,-0.024288689895293387,0.022066467673071164,-4.7704895589362195e-18,0.6666666666666666,none,highest_id,0.1111111111111111
normalized_65v85,form,50,20,900,-0.005555555555555556,-0.010380031705030584,-0.0007310794060805285,90,-0.5911111111111111,-0.6947052015378182,-0.4875170206844041,90,-0.5788888888888889,-0.680603190910658,-0.47717458686711983,90,0.012222222222222223,-0.0145719583866045,0.039016402831048944,90,-0.5788888888888889,-0.680603190910658,-0.47717458686711983,-0.012222222222222223,-0.039016402831048944,0.0145719583866045,-2.2551405187698492e-17,1.0,50,20,-0.5555555555555556
normalized_65v85,form,50,80,900,0.0077777777777777776,-5.757410080171367e-05,0.015613129656357269,90,0.7511111111111112,0.6285312114102092,0.8736910108120132,90,0.7388888888888889,0.6203794841628955,0.8573982936148824,90,-0.012222222222222226,-0.04062379103767919,0.016179346593234736,90,0.7388888888888889,0.6203794841628955,0.8573982936148824,0.012222222222222226,-0.016179346593234736,0.04062379103767919,1.9081958235744878e-17,1.0,50,80,0.7777777777777778
normalized_65v85,halftime_talk,none,challenge,900,0.0,-0.004440245155411823,0.004440245155411823,90,-0.09444444444444444,-0.18090738038405177,-0.007981508504837115,90,-0.09333333333333334,-0.1829559173518743,-0.003710749314792372,90,0.0011111111111111115,-0.019356069839279375,0.021578292061501598,90,-0.09333333333333334,-0.1829559173518743,-0.003710749314792372,-0.0011111111111111115,-0.021578292061501598,0.019356069839279375,7.15573433840433e-18,1.0,none,challenge,0.0
normalized_65v85,halftime_talk,none,demand_more,900,-0.005555555555555556,-0.010380031705030584,-0.0007310794060805285,90,-1.108888888888889,-1.2660210170987773,-0.9517567606790008,90,-1.096666666666667,-1.24833370318805,-0.9449996301452839,90,0.012222222222222223,-0.015297946174405408,0.039742390618849856,90,-1.096666666666667,-1.24833370318805,-0.9449996301452839,-0.012222222222222223,-0.039742390618849856,0.015297946174405408,8.847089727481716e-17,1.0,none,demand_more,-0.5555555555555556
normalized_65v85,halftime_talk,none,reassure,900,0.018888888888888893,0.00852567419355771,0.029252103584220077,90,1.1722222222222223,1.0014594977398852,1.3429849467045594,90,1.1011111111111112,0.9446753304052605,1.2575468918169617,90,-0.07111111111111111,-0.12338964232751573,-0.0188325798947065,90,1.1011111111111112,0.9446753304052605,1.2575468918169617,0.07111111111111111,0.0188325798947065,0.12338964232751573,1.3877787807814457e-17,1.0,none,reassure,1.8888888888888893
normalized_65v85,map_mastery,75,25,900,-0.003333333333333334,-0.007114065848880377,0.00044739918221370833,90,-0.39777777777777784,-0.4762067480141644,-0.3193488075413913,90,-0.3822222222222223,-0.45910245955568846,-0.30534198488875613,90,0.015555555555555557,-0.009740422327258145,0.04085153343836926,90,-0.3822222222222223,-0.45910245955568846,-0.30534198488875613,-0.015555555555555557,-0.04085153343836926,0.009740422327258145,1.214306433183765e-17,1.0,75,25,-0.33333333333333337
normalized_65v85,map_mastery,75,50,900,-0.0022222222222222222,-0.005326867826915935,0.0008824233824714905,90,-0.24333333333333332,-0.3133323582472941,-0.1733343084193725,90,-0.23333333333333336,-0.3021929323603248,-0.16447373430634193,90,0.010000000000000002,-0.013295423649943638,0.033295423649943645,90,-0.23333333333333336,-0.3021929323603248,-0.16447373430634193,-0.010000000000000002,-0.033295423649943645,0.013295423649943638,4.85722573273506e-17,1.0,75,50,-0.2222222222222222
normalized_65v85,map_mastery,75,95,900,0.003333333333333334,-0.00044739918221370833,0.007114065848880377,90,0.18,0.11734689785257643,0.24265310214742355,90,0.18222222222222226,0.11883565979299046,0.24560878465145405,90,0.0022222222222222222,-0.008644037394205772,0.013088481838650218,90,0.18222222222222226,0.11883565979299046,0.24560878465145405,-0.0022222222222222222,-0.013088481838650218,0.008644037394205772,-4.206704429243757e-17,1.0,75,95,0.33333333333333337
normalized_65v85,morale,50,20,900,-0.0044444444444444444,-0.008784896066432391,-0.00010399282245649767,90,-0.47111111111111115,-0.5655769716997611,-0.3766452505224612,90,-0.45888888888888885,-0.5528656283465414,-0.3649121494312363,90,0.012222222222222223,-0.014014287624519754,0.0384587320689642,90,-0.45888888888888885,-0.5528656283465414,-0.3649121494312363,-0.012222222222222223,-0.0384587320689642,0.014014287624519754,-7.806255641895632e-17,1.0,50,20,-0.4444444444444444
normalized_65v85,morale,50,80,900,0.007777777777777778,-5.75741008017128e-05,0.01561312965635727,90,0.5299999999999999,0.44555066933449844,0.6144493306655014,90,0.5133333333333334,0.4293669003403775,0.5972997663262893,90,-0.016666666666666666,-0.04632836841179683,0.012995035078463495,90,0.5133333333333334,0.4293669003403775,0.5972997663262893,0.016666666666666666,-0.012995035078463495,0.04632836841179683,-1.700029006457271e-16,1.0,50,80,0.7777777777777778
normalized_65v85,prep_edge,0,0.75,900,0.0044444444444444444,0.00010399282245649767,0.008784896066432391,90,0.18777777777777777,0.1065183933290531,0.2690371622265024,90,0.19222222222222218,0.11021414104338581,0.2742303034010586,90,0.0044444444444444444,-0.012727055165229484,0.021615944054118374,90,0.19222222222222218,0.11021414104338581,0.2742303034010586,-0.0044444444444444444,-0.021615944054118374,0.012727055165229484,2.688821387764051e-17,1.0,0,0.75,0.4444444444444444
normalized_65v85,prep_edge,0,1.5,900,0.007777777777777778,-5.75741008017128e-05,0.01561312965635727,90,0.3388888888888889,0.2146931425796034,0.46308463519817444,90,0.31333333333333335,0.1977504171112066,0.4289162495554601,90,-0.025555555555555557,-0.0634359621820977,0.012324851070986586,90,0.31333333333333335,0.1977504171112066,0.4289162495554601,0.025555555555555557,-0.012324851070986586,0.0634359621820977,-3.469446951953614e-18,1.0,0,1.5,0.7777777777777778
normalized_65v85,roster_shape,balanced,one_star,900,0.0022222222222222222,-0.00545425268043586,0.009898697124880305,90,0.2588888888888889,0.049916628555008724,0.46786114922276906,90,0.2777777777777778,0.07132361986632133,0.4842319356892343,90,0.018888888888888886,-0.011534801978395643,0.04931257975617341,90,0.2777777777777778,0.07132361986632133,0.4842319356892343,-0.018888888888888886,-0.04931257975617341,0.011534801978395643,-1.3877787807814457e-17,1.0,balanced,one_star,0.2222222222222222
normalized_65v85,roster_shape,balanced,two_stars,900,0.0044444444444444444,-0.003189104819373411,0.0120779937082623,90,0.27111111111111114,0.05544486956224057,0.4867773526599817,90,0.2833333333333333,0.07063562556295577,0.4960310411037109,90,0.012222222222222223,-0.02243271468411625,0.0468771591285607,90,0.2833333333333333,0.07063562556295577,0.4960310411037109,-0.012222222222222223,-0.0468771591285607,0.02243271468411625,3.2959746043559335e-17,1.0,balanced,two_stars,0.4444444444444444
normalized_65v85,skill_aim_precision,65,45,900,-0.006666666666666668,-0.011920435585854247,-0.0014128977474790888,90,-1.3044444444444445,-1.4382024027392173,-1.1706864861496717,90,-1.288888888888889,-1.4180170065520858,-1.159760771225692,90,0.015555555555555555,-0.013033401935217407,0.04414451304632852,90,-1.288888888888889,-1.4180170065520858,-1.159760771225692,-0.015555555555555555,-0.04414451304632852,0.013033401935217407,1.0408340855860843e-17,1.0,65,45,-0.6666666666666667
normalized_65v85,skill_aim_precision,65,85,900,0.06444444444444443,0.049285343725321604,0.07960354516356725,90,2.7,2.488400071696139,2.911599928303861,90,2.466666666666667,2.270993370041943,2.6623399632913904,90,-0.23333333333333328,-0.3159863232636123,-0.15068034340305425,90,2.466666666666667,2.270993370041943,2.6623399632913904,0.23333333333333328,0.15068034340305425,0.3159863232636123,1.1102230246251565e-16,1.0,65,85,6.444444444444443
normalized_65v85,skill_aim_reactivity,65,45,900,-0.007777777777777778,-0.013418617564628841,-0.0021369379909267168,90,-1.2644444444444445,-1.4022820956027657,-1.1266067932861232,90,-1.2466666666666666,-1.3791393549591775,-1.1141939783741557,90,0.017777777777777778,-0.011267293975093382,0.04682284953064894,90,-1.2466666666666666,-1.3791393549591775,-1.1141939783741557,-0.017777777777777778,-0.04682284953064894,0.011267293975093382,-1.1449174941446927e-16,1.0,65,45,-0.7777777777777778
normalized_65v85,skill_aim_reactivity,65,85,900,0.04777777777777777,0.03264579694569556,0.06290975860985999,90,2.178888888888889,1.9634913551200344,2.3942864226577436,90,2.0722222222222224,1.8640502938444887,2.2803941505999563,90,-0.10666666666666669,-0.17529682865754198,-0.038036504675791394,90,2.0722222222222224,1.8640502938444887,2.2803941505999563,0.10666666666666669,0.038036504675791394,0.17529682865754198,-2.220446049250313e-16,1.0,65,85,4.777777777777778
normalized_65v85,skill_clutch_factor,65,45,900,0.0,0.0,0.0,90,-0.06111111111111111,-0.09603053326965275,-0.02619168895256948,90,-0.06444444444444446,-0.10055965153648715,-0.028329237352401768,90,-0.003333333333333333,-0.009956595665020936,0.00328992899835427,90,-0.06444444444444446,-0.10055965153648715,-0.028329237352401768,0.003333333333333333,-0.00328992899835427,0.009956595665020936,1.474514954580286e-17,1.0,65,45,0.0
normalized_65v85,skill_clutch_factor,65,85,900,0.0011111111111111111,-0.001096642999451423,0.0033188652216736454,90,0.051111111111111114,0.017405519796141126,0.08481670242608111,90,0.051111111111111114,0.02111981968493404,0.08110240253728819,90,0.0,-0.018838364757134494,0.018838364757134494,90,0.051111111111111114,0.02111981968493404,0.08110240253728819,-0.0,-0.018838364757134494,0.018838364757134494,0.0,1.0,65,85,0.1111111111111111
normalized_65v85,skill_comms_quality,65,45,900,-0.003333333333333334,-0.009165118256859991,0.0024984515901933244,90,-0.06666666666666667,-0.17904084161011752,0.0457075082767842,90,-0.05333333333333333,-0.1653208584209278,0.05865419175426116,90,0.013333333333333332,-0.011823702322504123,0.038490368989170784,90,-0.05333333333333333,-0.1653208584209278,0.05865419175426116,-0.013333333333333332,-0.038490368989170784,0.011823702322504123,-3.469446951953614e-18,0.6666666666666666,65,45,-0.33333333333333337
normalized_65v85,skill_comms_quality,65,85,900,0.0011111111111111111,-0.0038477148843099754,0.006069937106532198,90,-0.012222222222222228,-0.10321084024337408,0.07876639579892962,90,-0.00777777777777778,-0.09780793812110769,0.08225238256555212,90,0.0044444444444444444,-0.017060078421370934,0.025948967310259825,90,-0.00777777777777778,-0.09780793812110769,0.08225238256555212,-0.0044444444444444444,-0.025948967310259825,0.017060078421370934,-3.469446951953614e-18,0.3333333333333333,65,85,0.1111111111111111
normalized_65v85,skill_composure,65,45,900,0.0,0.0,0.0,90,0.018888888888888886,-0.027880873742091132,0.06565865151986891,90,0.02111111111111111,-0.027982666265578916,0.07020488848780113,90,0.0022222222222222227,-0.0031957664609426045,0.00764021090538705,90,0.02111111111111111,-0.027982666265578916,0.07020488848780113,-0.0022222222222222227,-0.00764021090538705,0.0031957664609426045,0.0,0.6666666666666666,65,45,0.0
normalized_65v85,skill_composure,65,85,900,-0.0011111111111111111,-0.0033188652216736454,0.001096642999451423,90,-0.04555555555555555,-0.09471621973731834,0.0036051086262072346,90,-0.043333333333333335,-0.09116139027781259,0.004494723611145918,90,0.0022222222222222222,-0.012828105740067626,0.01727255018451207,90,-0.043333333333333335,-0.09116139027781259,0.004494723611145918,-0.0022222222222222222,-0.01727255018451207,0.012828105740067626,6.5052130349130266e-18,1.0,65,85,-0.1111111111111111
normalized_65v85,skill_game_sense,65,45,900,-0.006666666666666668,-0.011920435585854247,-0.0014128977474790888,90,-0.6733333333333333,-0.8090625566653917,-0.537604110001275,90,-0.658888888888889,-0.7951289840459665,-0.5226487937318114,90,0.014444444444444442,-0.01719695424949287,0.04608584313838175,90,-0.658888888888889,-0.7951289840459665,-0.5226487937318114,-0.014444444444444442,-0.04608584313838175,0.01719695424949287,7.112366251504909e-17,1.0,65,45,-0.6666666666666667
normalized_65v85,skill_game_sense,65,85,900,0.015555555555555557,0.006724539113305417,0.024386571997805695,90,0.7233333333333333,0.5529166895611389,0.8937499771055276,90,0.6766666666666667,0.5137922644361174,0.8395410688972161,90,-0.04666666666666667,-0.08996759502298532,-0.0033657383103480112,90,0.6766666666666667,0.5137922644361174,0.8395410688972161,0.04666666666666667,0.0033657383103480112,0.08996759502298532,-1.457167719820518e-16,1.0,65,85,1.5555555555555556
normalized_65v85,skill_movement,65,45,900,0.0,-0.007690730207234843,0.007690730207234843,90,-0.28111111111111114,-0.4547040967153181,-0.1075181255069042,90,-0.2822222222222222,-0.45079306900122673,-0.11365137544321768,90,-0.0011111111111111126,-0.036143272830058915,0.03392105060783669,90,-0.2822222222222222,-0.45079306900122673,-0.11365137544321768,0.0011111111111111126,-0.03392105060783669,0.036143272830058915,-4.9873299934333204e-17,1.0,65,45,0.0
normalized_65v85,skill_movement,65,85,900,0.012222222222222223,0.0028935969637307653,0.021550847480713682,90,0.49444444444444446,0.3043583554764021,0.6845305334124868,90,0.46444444444444444,0.2807419150582615,0.6481469738306274,90,-0.029999999999999995,-0.0658603061538007,0.0058603061538007074,90,0.46444444444444444,0.2807419150582615,0.6481469738306274,0.029999999999999995,-0.0058603061538007074,0.0658603061538007,3.122502256758253e-17,1.0,65,85,1.2222222222222223
normalized_65v85,skill_positioning,65,45,900,-0.003333333333333334,-0.007114065848880377,0.00044739918221370833,90,-0.31333333333333335,-0.39551986029461933,-0.23114680637204738,90,-0.29888888888888887,-0.37690934386770514,-0.2208684339100726,90,0.014444444444444446,-0.01038941266687868,0.03927830155576757,90,-0.29888888888888887,-0.37690934386770514,-0.2208684339100726,-0.014444444444444446,-0.03927830155576757,0.01038941266687868,-3.642919299551295e-17,1.0,65,45,-0.33333333333333337
normalized_65v85,skill_positioning,65,85,900,0.0044444444444444444,-0.002513514009229667,0.011402402898118556,90,0.3566666666666667,0.2713116872526662,0.4420216460806672,90,0.3455555555555555,0.2623580438351429,0.4287530672759681,90,-0.01111111111111111,-0.03801849198983051,0.015796269767608295,90,0.3455555555555555,0.2623580438351429,0.4287530672759681,0.01111111111111111,-0.015796269767608295,0.03801849198983051,7.28583859910259e-17,1.0,65,85,0.4444444444444444
normalized_65v85,skill_tilt_resistance,65,45,900,0.0,0.0,0.0,90,-0.08222222222222222,-0.12163521711699174,-0.042809227327452716,90,-0.08333333333333334,-0.12320292730998116,-0.04346373935668553,90,-0.0011111111111111111,-0.0033188652216736454,0.001096642999451423,90,-0.08333333333333334,-0.12320292730998116,-0.04346373935668553,0.0011111111111111111,-0.001096642999451423,0.0033188652216736454,7.15573433840433e-18,1.0,65,45,0.0
normalized_65v85,skill_tilt_resistance,65,85,900,0.0,0.0,0.0,90,0.08777777777777779,0.0480843977787741,0.12747115777678147,90,0.08777777777777779,0.0480843977787741,0.12747115777678147,90,0.0,0.0,0.0,90,0.08777777777777779,0.0480843977787741,0.12747115777678147,-0.0,-0.0,-0.0,0.0,1.0,65,85,0.0
normalized_65v85,skill_utility_usage,65,45,900,-0.0011111111111111111,-0.004949348562440152,0.002727126340217929,90,-0.19444444444444448,-0.2748828349196931,-0.11400605396919582,90,-0.18666666666666668,-0.26915251185575706,-0.1041808214775763,90,0.0077777777777777776,-0.014694376601914383,0.03024993215746994,90,-0.18666666666666668,-0.26915251185575706,-0.1041808214775763,-0.0077777777777777776,-0.03024993215746994,0.014694376601914383,-2.2551405187698492e-17,1.0,65,45,-0.1111111111111111
normalized_65v85,skill_utility_usage,65,85,900,-0.0011111111111111111,-0.006069937106532198,0.0038477148843099754,90,0.11888888888888888,0.030256521236864134,0.20752125654091363,90,0.11666666666666667,0.036726837838095466,0.19660649549523787,90,-0.002222222222222222,-0.033772621210803204,0.02932817676635876,90,0.11666666666666667,0.036726837838095466,0.19660649549523787,0.002222222222222222,-0.02932817676635876,0.033772621210803204,-1.3010426069826053e-17,1.0,65,85,-0.1111111111111111
normalized_65v85,stamina,100,40,900,-0.006666666666666668,-0.011920435585854247,-0.0014128977474790888,90,-0.8855555555555554,-1.0061211354255053,-0.7649899756856056,90,-0.8711111111111111,-0.9870365688801036,-0.7551856533421185,90,0.014444444444444446,-0.013384437591075401,0.04227332647996429,90,-0.8711111111111111,-0.9870365688801036,-0.7551856533421185,-0.014444444444444446,-0.04227332647996429,0.013384437591075401,7.45931094670027e-17,1.0,100,40,-0.6666666666666667
normalized_65v85,stamina,100,70,900,-0.0044444444444444444,-0.008784896066432391,-0.00010399282245649767,90,-0.4966666666666667,-0.5931053773811334,-0.40022795595219995,90,-0.4822222222222223,-0.5767576265325354,-0.3876868179119092,90,0.014444444444444446,-0.012115703441181605,0.0410045923300705,90,-0.4822222222222223,-0.5767576265325354,-0.3876868179119092,-0.014444444444444446,-0.0410045923300705,0.012115703441181605,1.9081958235744878e-17,1.0,100,70,-0.4444444444444444
normalized_65v85,tactic_aggression,50,0,900,0.0011111111111111111,-0.006248482682917277,0.008470704905139499,90,-0.4100000000000001,-0.5865814097900347,-0.23341859020996547,90,-0.4222222222222223,-0.5917610445687788,-0.2526833998756658,90,-0.012222222222222223,-0.055821244423504626,0.03137679997906018,90,-0.4222222222222223,-0.5917610445687788,-0.2526833998756658,0.012222222222222223,-0.03137679997906018,0.055821244423504626,-3.2959746043559335e-17,1.0,50,0,0.1111111111111111
normalized_65v85,tactic_aggression,50,100,900,0.021111111111111115,0.009157675726510883,0.03306454649571135,90,1.5155555555555553,1.2966305050751064,1.7344806060360043,90,1.4955555555555555,1.2891459677767305,1.7019651433343805,90,-0.020000000000000004,-0.07756928104858168,0.03756928104858168,90,1.4955555555555555,1.2891459677767305,1.7019651433343805,0.020000000000000004,-0.03756928104858168,0.07756928104858168,-2.0816681711721685e-16,1.0,50,100,2.1111111111111116
normalized_65v85,tactic_aggression,50,25,900,0.006666666666666668,-0.001520740855653067,0.014854074188986403,90,0.07555555555555553,-0.12404102359421411,0.2751521347053252,90,0.06333333333333334,-0.1327287573155791,0.2593954239822458,90,-0.012222222222222223,-0.053017876554834885,0.028573432110390436,90,0.06333333333333334,-0.1327287573155791,0.2593954239822458,0.012222222222222223,-0.028573432110390436,0.053017876554834885,-3.2959746043559335e-17,0.6666666666666666,50,25,0.6666666666666667
normalized_65v85,tactic_aggression,50,75,900,0.014444444444444446,0.003316729808381028,0.02557215908050786,90,0.948888888888889,0.7530835310442421,1.144694246733536,90,0.9144444444444446,0.7292122025947712,1.099676686294118,90,-0.03444444444444444,-0.08811092991942007,0.019222041030531198,90,0.9144444444444446,0.7292122025947712,1.099676686294118,0.03444444444444444,-0.019222041030531198,0.08811092991942007,-4.85722573273506e-17,1.0,50,75,1.4444444444444446
normalized_65v85,tactic_eco_greed,50,0,900,-0.0044444444444444444,-0.009801440692613458,0.000912551803724568,90,-0.2722222222222222,-0.3929702696243795,-0.15147417482006492,90,-0.24444444444444444,-0.3642533798632262,-0.12463550902566267,90,0.027777777777777776,-0.0034664983976194913,0.059022053953175044,90,-0.24444444444444444,-0.3642533798632262,-0.12463550902566267,-0.027777777777777776,-0.059022053953175044,0.0034664983976194913,1.3877787807814457e-17,1.0,50,0,-0.4444444444444444
normalized_65v85,tactic_eco_greed,50,100,900,-0.003333333333333334,-0.00995659566502094,0.003289928998354271,90,-0.4677777777777778,-0.6227998228697113,-0.31275573268584433,90,-0.45444444444444443,-0.6079755477000446,-0.3009133411888443,90,0.013333333333333332,-0.017461615532212912,0.04412828219887958,90,-0.45444444444444443,-0.6079755477000446,-0.3009133411888443,-0.013333333333333332,-0.04412828219887958,0.017461615532212912,-3.122502256758253e-17,1.0,50,100,-0.33333333333333337
normalized_65v85,tactic_eco_greed,50,25,900,-0.0022222222222222222,-0.006637730443347291,0.002193285998902846,90,0.018888888888888882,-0.05839526141548193,0.0961730391932597,90,0.039999999999999994,-0.03586194907871909,0.11586194907871908,90,0.021111111111111112,-0.0018528229982025003,0.04407504522042473,90,0.039999999999999994,-0.03586194907871909,0.11586194907871908,-0.021111111111111112,-0.04407504522042473,0.0018528229982025003,0.0,0.6666666666666666,50,25,-0.2222222222222222
normalized_65v85,tactic_eco_greed,50,75,900,-0.0022222222222222222,-0.008484209917114413,0.00403976547266997,90,-0.25222222222222224,-0.3722414729105023,-0.13220297153394217,90,-0.2577777777777778,-0.3747079805192438,-0.14084757503631176,90,-0.005555555555555556,-0.02500188057700113,0.013890769465890018,90,-0.2577777777777778,-0.3747079805192438,-0.14084757503631176,0.005555555555555556,-0.013890769465890018,0.02500188057700113,-1.9949319973733282e-17,1.0,50,75,-0.2222222222222222
normalized_65v85,tactic_map_control,50,0,900,0.0011111111111111111,-0.004758117438957713,0.006980339661179936,90,0.2111111111111111,0.08088074008221971,0.3413414821400025,90,0.22333333333333336,0.09813534756138997,0.34853131910527674,90,0.012222222222222221,-0.020229223418628883,0.04467366786307332,90,0.22333333333333336,0.09813534756138997,0.34853131910527674,-0.012222222222222221,-0.04467366786307332,0.020229223418628883,-2.42861286636753e-17,1.0,50,0,0.1111111111111111
normalized_65v85,tactic_map_control,50,100,900,0.0011111111111111115,-0.005545144014184349,0.007767366236406572,90,-0.1688888888888889,-0.3232997929826152,-0.014477984795162602,90,-0.18777777777777777,-0.3344345710174542,-0.04112098453810131,90,-0.01888888888888889,-0.05011212396452587,0.012334346186748089,90,-0.18777777777777777,-0.3344345710174542,-0.04112098453810131,0.01888888888888889,-0.012334346186748089,0.05011212396452587,-1.734723475976807e-17,1.0,50,100,0.11111111111111116
normalized_65v85,tactic_map_control,50,25,900,0.0011111111111111111,-0.004758117438957713,0.006980339661179936,90,0.2,0.0710798695127354,0.32892013048726465,90,0.21222222222222223,0.08857802564520813,0.33586641879923634,90,0.012222222222222221,-0.020229223418628883,0.04467366786307332,90,0.21222222222222223,0.08857802564520813,0.33586641879923634,-0.012222222222222221,-0.04467366786307332,0.020229223418628883,3.469446951953614e-18,1.0,50,25,0.1111111111111111
normalized_65v85,tactic_map_control,50,75,900,0.0,-0.004440245155411823,0.004440245155411823,90,-0.15,-0.2730616968799451,-0.026938303120054893,90,-0.15888888888888886,-0.2851002484947043,-0.032677529283073464,90,-0.008888888888888889,-0.034711967565452924,0.016934189787675143,90,-0.15888888888888886,-0.2851002484947043,-0.032677529283073464,0.008888888888888889,-0.016934189787675143,0.034711967565452924,-2.6020852139652106e-17,1.0,50,75,0.0
normalized_65v85,tactic_pace,50,0,900,0.0,-0.007690730207234843,0.007690730207234843,90,0.014444444444444442,-0.17224558552304006,0.20113447441192897,90,0.011111111111111112,-0.1662611064184644,0.1884833286406866,90,-0.003333333333333332,-0.03877889570556943,0.03211222903890276,90,0.011111111111111112,-0.1662611064184644,0.1884833286406866,0.003333333333333332,-0.03211222903890276,0.03877889570556943,-1.3010426069826053e-18,0.6666666666666666,50,0,0.0
normalized_65v85,tactic_pace,50,100,900,-0.0011111111111111115,-0.0084707049051395,0.006248482682917277,90,-0.1466666666666667,-0.35157327657645177,0.05823994324311835,90,-0.15333333333333335,-0.35001664764976015,0.04334998098309345,90,-0.006666666666666664,-0.044447908807541944,0.03111457547420862,90,-0.15333333333333335,-0.35001664764976015,0.04334998098309345,0.006666666666666664,-0.03111457547420862,0.044447908807541944,-9.540979117872439e-18,1.0,50,100,-0.11111111111111116
normalized_65v85,tactic_pace,50,25,900,3.0839528461809905e-19,-0.006279454919044831,0.006279454919044831,90,0.029999999999999992,-0.14870125060102454,0.20870125060102454,90,0.04222222222222222,-0.12980441023068626,0.2142488546751307,90,0.012222222222222221,-0.027964790229882536,0.05240923467432698,90,0.04222222222222222,-0.12980441023068626,0.2142488546751307,-0.012222222222222221,-0.05240923467432698,0.027964790229882536,-3.469446951953614e-18,0.6666666666666666,50,25,3.0839528461809905e-17
normalized_65v85,tactic_pace,50,75,900,0.0,-0.006279454919044831,0.006279454919044831,90,-0.11666666666666664,-0.28835694346522756,0.055023610131894274,90,-0.12555555555555556,-0.28907963646486745,0.03796852535375633,90,-0.008888888888888887,-0.048930502264769846,0.031152724486992068,90,-0.12555555555555556,-0.28907963646486745,0.03796852535375633,0.008888888888888887,-0.031152724486992068,0.048930502264769846,3.122502256758253e-17,1.0,50,75,0.0
normalized_65v85,tactic_util_discipline,50,0,900,0.0022222222222222222,-0.0008824233824714905,0.005326867826915935,90,0.06555555555555556,0.01802614690711151,0.1130849642039996,90,0.07,0.021212837926631832,0.11878716207336817,90,0.0044444444444444444,-0.0038095826262170727,0.01269847151510596,90,0.07,0.021212837926631832,0.11878716207336817,-0.0044444444444444444,-0.01269847151510596,0.0038095826262170727,-8.673617379884035e-19,1.0,50,0,0.2222222222222222
normalized_65v85,tactic_util_discipline,50,100,900,-0.0044444444444444444,-0.01065373565383187,0.001764846764942981,90,-0.4511111111111111,-0.6045485494761709,-0.2976736727460513,90,-0.4422222222222222,-0.5922400225898825,-0.2922044218545618,90,0.008888888888888889,-0.01982622226634228,0.03760400004412006,90,-0.4422222222222222,-0.5922400225898825,-0.2922044218545618,-0.008888888888888889,-0.03760400004412006,0.01982622226634228,-1.734723475976807e-18,1.0,50,100,-0.4444444444444444
normalized_65v85,tactic_util_discipline,50,25,900,0.0011111111111111111,-0.001096642999451423,0.0033188652216736454,90,0.023333333333333338,-0.010197133196600587,0.05686379986326726,90,0.022222222222222223,-0.010823730386764967,0.05526817483120941,90,-0.0011111111111111111,-0.0033188652216736454,0.001096642999451423,90,0.022222222222222223,-0.010823730386764967,0.05526817483120941,0.0011111111111111111,-0.001096642999451423,0.0033188652216736454,3.686287386450715e-18,1.0,50,25,0.1111111111111111
normalized_65v85,tactic_util_discipline,50,75,900,-0.0022222222222222227,-0.00764021090538705,0.0031957664609426045,90,-0.14666666666666667,-0.3120084231708338,0.01867508983750049,90,-0.1488888888888889,-0.30613390189229395,0.008356124114516139,90,-0.002222222222222222,-0.03732232194886902,0.03287787750442457,90,-0.1488888888888889,-0.30613390189229395,0.008356124114516139,0.002222222222222222,-0.03287787750442457,0.03732232194886902,1.474514954580286e-17,1.0,50,75,-0.22222222222222227
normalized_65v85,touchline_shout,none,demand_effort,900,-0.003333333333333334,-0.00995659566502094,0.003289928998354271,90,-0.8933333333333334,-1.0783589403517422,-0.7083077263149247,90,-0.8866666666666668,-1.063196429567074,-0.7101369037662596,90,0.006666666666666666,-0.023415789452195364,0.03674912278552869,90,-0.8866666666666668,-1.063196429567074,-0.7101369037662596,-0.006666666666666666,-0.03674912278552869,0.023415789452195364,6.765421556309548e-17,1.0,none,demand_effort,-0.33333333333333337
normalized_65v85,touchline_shout,none,encourage,900,0.013333333333333336,0.004342522142753897,0.022324144523912775,90,1.0199999999999998,0.8588857794883633,1.1811142205116363,90,0.9644444444444444,0.8162336401102567,1.112655248778632,90,-0.05555555555555555,-0.1032867567669743,-0.007824354344136801,90,0.9644444444444444,0.8162336401102567,1.112655248778632,0.05555555555555555,0.007824354344136801,0.1032867567669743,-1.942890293094024e-16,1.0,none,encourage,1.3333333333333335
normalized_65v85,touchline_shout,none,focus,900,0.0011111111111111111,-0.0027271263402179283,0.004949348562440151,90,0.10222222222222223,0.0010188274759350413,0.20342561696850942,90,0.1111111111111111,0.014162934009001218,0.208059288213221,90,0.008888888888888889,-0.010374930481465571,0.028152708259243348,90,0.1111111111111111,0.014162934009001218,0.208059288213221,-0.008888888888888889,-0.028152708259243348,0.010374930481465571,1.214306433183765e-17,1.0,none,focus,0.1111111111111111
normalized_65v85,touchline_shout,none,play_safe,900,0.008888888888888889,0.000795669961219124,0.016982107816558654,90,0.771111111111111,0.6156313620846973,0.9265908601375247,90,0.7466666666666666,0.5937132716868503,0.8996200616464829,90,-0.024444444444444446,-0.06943259894390022,0.020543710055011332,90,0.7466666666666666,0.5937132716868503,0.8996200616464829,0.024444444444444446,-0.020543710055011332,0.06943259894390022,-6.591949208711867e-17,1.0,none,play_safe,0.8888888888888888
normalized_65v85,weak_overall,65,45,900,-0.007777777777777778,-0.013418617564628841,-0.0021369379909267168,90,-2.7311111111111113,-2.8908564345213925,-2.57136578770083,90,-2.7144444444444447,-2.8688526884352754,-2.560036200453614,90,0.016666666666666666,-0.01180808233620436,0.04514141566953769,90,-2.7144444444444447,-2.8688526884352754,-2.560036200453614,-0.016666666666666666,-0.04514141566953769,0.01180808233620436,5.898059818321144e-17,1.0,65,45,-0.7777777777777778
normalized_65v85,weak_overall,65,55,900,-0.007777777777777778,-0.013418617564628841,-0.0021369379909267168,90,-1.7966666666666669,-1.9777788726499663,-1.6155544606833674,90,-1.7800000000000002,-1.9575598464318917,-1.6024401535681088,90,0.016666666666666666,-0.01180808233620436,0.04514141566953769,90,-1.7800000000000002,-1.9575598464318917,-1.6024401535681088,-0.016666666666666666,-0.04514141566953769,0.01180808233620436,5.898059818321144e-17,1.0,65,55,-0.7777777777777778
normalized_65v85,weak_overall,65,70,900,0.011111111111111112,0.001462158812161057,0.020760063410061168,90,1.4077777777777776,1.212073556289206,1.6034819992663492,90,1.3944444444444444,1.2035303966328466,1.5853584922560422,90,-0.01333333333333333,-0.0714988500944792,0.04483218342781254,90,1.3944444444444444,1.2035303966328466,1.5853584922560422,0.01333333333333333,-0.04483218342781254,0.0714988500944792,-1.3357370765021415e-16,1.0,65,70,1.1111111111111112
normalized_65v85,weak_overall,65,75,900,0.09444444444444443,0.07926909505675275,0.1096197938321361,90,3.5444444444444443,3.324750754240893,3.7641381346479954,90,3.2144444444444447,3.0055036352718685,3.423385253617021,90,-0.33,-0.4336324111858841,-0.22636758881411595,90,3.2144444444444447,3.0055036352718685,3.423385253617021,0.33,0.22636758881411595,0.4336324111858841,-3.885780586188048e-16,1.0,65,75,9.444444444444443
normalized_65v85,weak_overall,65,80,900,0.2711111111111112,0.2447964402507675,0.29742578197145486,90,6.367777777777778,6.0783121413488495,6.657243414206707,90,5.263333333333334,5.017682011982851,5.508984654683816,90,-1.1044444444444443,-1.27678405641523,-0.9321048324736587,90,5.263333333333334,5.017682011982851,5.508984654683816,1.1044444444444443,0.9321048324736587,1.27678405641523,4.440892098500626e-16,1.0,65,80,27.111111111111118
normalized_65v85,weak_overall,65,85,900,0.4922222222222223,0.48658138243537125,0.4978630620090733,90,9.543333333333333,9.383698955084691,9.702967711581975,90,7.165555555555554,6.919589195938841,7.411521915172266,90,-2.3777777777777778,-2.5379893599570713,-2.2175661955984842,90,7.165555555555554,6.919589195938841,7.411521915172266,2.3777777777777778,2.2175661955984842,2.5379893599570713,1.3322676295501878e-15,1.0,65,85,49.22222222222223
normalized_65v85_complex_system,chemistry_complex_system,65,100,900,0.003333333333333334,-0.00044739918221370833,0.007114065848880377,90,0.6044444444444446,0.5053607388756608,0.7035281500132283,90,0.5955555555555556,0.4989911403539014,0.6921199707572099,90,-0.008888888888888889,-0.02130747130766374,0.003529693529885962,90,0.5955555555555556,0.4989911403539014,0.6921199707572099,0.008888888888888889,-0.003529693529885962,0.02130747130766374,5.724587470723463e-17,1.0,65,100,0.33333333333333337
normalized_65v85_complex_system,chemistry_complex_system,65,20,900,-0.003333333333333334,-0.008247784154553725,0.0015811174878870562,90,-0.6666666666666666,-0.7638968836300974,-0.5694364497032358,90,-0.6466666666666666,-0.7365309102546965,-0.5568024230786367,90,0.019999999999999997,-0.006862565768552133,0.04686256576855213,90,-0.6466666666666666,-0.7365309102546965,-0.5568024230786367,-0.019999999999999997,-0.04686256576855213,0.006862565768552133,-2.0816681711721685e-17,1.0,65,20,-0.33333333333333337
normalized_65v85_supplement,igl_experience,100,40,900,0.0011111111111111111,-0.0010966429994514234,0.0033188652216736454,90,-0.012222222222222226,-0.03691010064013323,0.012465656195688778,90,-0.014444444444444447,-0.037422683331376196,0.008533794442487301,90,-0.0022222222222222222,-0.006637730443347291,0.002193285998902847,90,-0.014444444444444447,-0.037422683331376196,0.008533794442487301,0.0022222222222222222,-0.002193285998902847,0.006637730443347291,-1.3010426069826053e-18,0.6666666666666666,100,40,0.1111111111111111
normalized_65v85_supplement,igl_experience,100,60,900,0.0011111111111111111,-0.0010966429994514234,0.0033188652216736454,90,-0.013333333333333336,-0.033969727981319114,0.007303061314652446,90,-0.015555555555555557,-0.03410683156141099,0.002995720450299876,90,-0.0022222222222222222,-0.006637730443347291,0.002193285998902847,90,-0.015555555555555557,-0.03410683156141099,0.002995720450299876,0.0022222222222222222,-0.002193285998902847,0.006637730443347291,-1.3010426069826053e-18,1.0,100,60,0.1111111111111111
normalized_65v85_supplement,igl_experience,100,80,900,0.0,0.0,0.0,90,-0.017777777777777778,-0.03426591469390167,-0.0012896408616538887,90,-0.017777777777777778,-0.03426591469390167,-0.0012896408616538887,90,0.0,0.0,0.0,90,-0.017777777777777778,-0.03426591469390167,-0.0012896408616538887,-0.0,-0.0,-0.0,0.0,1.0,100,80,0.0
normalized_65v85_supplement,mental_bundle,65,45,900,0.0011111111111111111,-0.002727126340217929,0.004949348562440152,90,-0.10111111111111112,-0.16885173658836428,-0.033370485633857985,90,-0.10333333333333335,-0.17085207551734155,-0.03581459114932513,90,-0.002222222222222222,-0.020252509434945,0.015808064990500553,90,-0.10333333333333335,-0.17085207551734155,-0.03581459114932513,0.002222222222222222,-0.015808064990500553,0.020252509434945,8.673617379884035e-19,1.0,65,45,0.1111111111111111
normalized_65v85_supplement,mental_bundle,65,85,900,0.0044444444444444444,-0.000912551803724568,0.009801440692613458,90,0.16666666666666669,0.08842506155168257,0.2449082717816508,90,0.1588888888888889,0.08975108897206328,0.22802668880571453,90,-0.007777777777777778,-0.03332902139263739,0.01777346583708183,90,0.1588888888888889,0.08975108897206328,0.22802668880571453,0.007777777777777778,-0.01777346583708183,0.03332902139263739,-6.071532165918825e-18,1.0,65,85,0.4444444444444444
normalized_65v85_supplement,micro_bundle,65,45,900,-0.008888888888888889,-0.014882763015941849,-0.002895014761835928,90,-2.46,-2.6279915570952372,-2.2920084429047627,90,-2.44,-2.6039226419016956,-2.2760773580983042,90,0.019999999999999997,-0.007764849761347243,0.04776484976134723,90,-2.44,-2.6039226419016956,-2.2760773580983042,-0.019999999999999997,-0.04776484976134723,0.007764849761347243,-2.0816681711721685e-17,1.0,65,45,-0.8888888888888888
normalized_65v85_supplement,micro_bundle,65,85,900,0.30333333333333334,0.27892207853070633,0.32774458813596036,90,6.772222222222224,6.50796182771242,7.036482616732028,90,5.494444444444445,5.2576423547254425,5.731246534163448,90,-1.2777777777777777,-1.4368469740074363,-1.118708581548119,90,5.494444444444445,5.2576423547254425,5.731246534163448,1.2777777777777777,1.118708581548119,1.4368469740074363,8.881784197001252e-16,1.0,65,85,30.333333333333336
normalized_65v85_supplement,role_assignment,rotated,aligned,900,0.1622222222222222,0.13924040853211272,0.1852040359123317,90,4.221111111111112,3.932879779127722,4.509342443094502,90,3.6022222222222227,3.3535887573683807,3.8508556870760646,90,-0.618888888888889,-0.7749587513807106,-0.46281902639706757,90,3.6022222222222227,3.3535887573683807,3.8508556870760646,0.618888888888889,0.46281902639706757,0.7749587513807106,2.220446049250313e-16,1.0,rotated,aligned,16.22222222222222
normalized_65v85_supplement,role_assignment,rotated,worst_fit,900,-0.017777777777777778,-0.028461056424503334,-0.00709449913105222,90,-1.1355555555555554,-1.329846373768958,-0.9412647373421528,90,-1.038888888888889,-1.224974219418822,-0.8528035583589559,90,0.09666666666666666,0.03722291056039133,0.15611042277294201,90,-1.038888888888889,-1.224974219418822,-0.8528035583589559,-0.09666666666666666,-0.15611042277294201,-0.03722291056039133,2.0816681711721685e-16,1.0,rotated,worst_fit,-1.7777777777777777
normalized_65v85_supplement,role_comfort,100,40,900,-0.005555555555555556,-0.012112334273570335,0.001001223162459224,90,-0.838888888888889,-1.008308956289026,-0.6694688214887521,90,-0.8322222222222223,-0.9964160934688341,-0.6680283509756105,90,0.006666666666666668,-0.020668803876603564,0.0340021372099369,90,-0.8322222222222223,-0.9964160934688341,-0.6680283509756105,-0.006666666666666668,-0.0340021372099369,0.020668803876603564,-4.163336342344337e-17,1.0,100,40,-0.5555555555555556
normalized_65v85_supplement,role_comfort,100,60,900,-0.0044444444444444444,-0.009801440692613456,0.0009125518037245671,90,-0.5866666666666667,-0.719288100445393,-0.4540452328879403,90,-0.5733333333333334,-0.702092787017593,-0.44457387964907374,90,0.013333333333333336,-0.015985736893242678,0.042652403559909347,90,-0.5733333333333334,-0.702092787017593,-0.44457387964907374,-0.013333333333333336,-0.042652403559909347,0.015985736893242678,2.7755575615628914e-17,1.0,100,60,-0.4444444444444444
normalized_65v85_supplement,role_comfort,100,80,900,-0.0022222222222222222,-0.006637730443347289,0.002193285998902845,90,-0.3888888888888889,-0.48725031385815354,-0.29052746391962425,90,-0.38,-0.47759452796187096,-0.28240547203812905,90,0.008888888888888889,-0.012783065843770426,0.030560843621548206,90,-0.38,-0.47759452796187096,-0.28240547203812905,-0.008888888888888889,-0.030560843621548206,0.012783065843770426,-1.734723475976807e-18,1.0,100,80,-0.2222222222222222
normalized_65v85_supplement,shared_language,50,100,900,0.0,0.0,0.0,90,0.0,0.0,0.0,90,0.0,0.0,0.0,90,0.0,0.0,0.0,90,0.0,0.0,0.0,-0.0,-0.0,-0.0,0.0,1.0,50,100,0.0
normalized_65v85_supplement,shared_language,50,20,900,0.0,0.0,0.0,90,0.0,0.0,0.0,90,0.0,0.0,0.0,90,0.0,0.0,0.0,90,0.0,0.0,0.0,-0.0,-0.0,-0.0,0.0,1.0,50,20,0.0
normalized_65v85_supplement,shared_language,50,75,900,0.0,0.0,0.0,90,0.0,0.0,0.0,90,0.0,0.0,0.0,90,0.0,0.0,0.0,90,0.0,0.0,0.0,-0.0,-0.0,-0.0,0.0,1.0,50,75,0.0
normalized_65v85_supplement,shared_language,50,no_common,900,0.0,0.0,0.0,90,0.0,0.0,0.0,90,0.0,0.0,0.0,90,0.0,0.0,0.0,90,0.0,0.0,0.0,-0.0,-0.0,-0.0,0.0,1.0,50,no_common,0.0
normalized_65v85_supplement,tactical_bundle,65,45,900,-0.005555555555555556,-0.011311722564679983,0.00020061145356887154,90,-1.01,-1.1543267519808893,-0.8656732480191108,90,-1.0022222222222223,-1.146546507700231,-0.8578979367442137,90,0.0077777777777777776,-0.01262508294771869,0.028180638503274243,90,-1.0022222222222223,-1.146546507700231,-0.8578979367442137,-0.0077777777777777776,-0.028180638503274243,0.01262508294771869,1.1622647289044608e-16,1.0,65,45,-0.5555555555555556
normalized_65v85_supplement,tactical_bundle,65,85,900,0.02888888888888889,0.015850721420872904,0.04192705635690488,90,1.2966666666666666,1.0908420252346607,1.5024913080986726,90,1.2055555555555557,1.0239294154180159,1.3871816956930956,90,-0.0911111111111111,-0.15746599896005548,-0.024756223262166727,90,1.2055555555555557,1.0239294154180159,1.3871816956930956,0.0911111111111111,0.024756223262166727,0.15746599896005548,-1.8041124150158794e-16,1.0,65,85,2.8888888888888893
normalized_75v80_supplement,igl_experience,100,40,900,0.0022222222222222227,-0.00403976547266997,0.008484209917114415,90,0.03333333333333333,-0.023181760938070152,0.08984842760473682,90,0.05444444444444445,0.005083663658154082,0.10380522523073482,90,0.021111111111111105,-0.019523130127847847,0.06174535235007006,90,0.05444444444444445,0.005083663658154082,0.10380522523073482,-0.021111111111111105,-0.06174535235007006,0.019523130127847847,-1.0408340855860843e-17,0.6666666666666666,100,40,0.22222222222222227
normalized_75v80_supplement,igl_experience,100,60,900,0.0022222222222222227,-0.00403976547266997,0.008484209917114415,90,0.017777777777777774,-0.037017238227573954,0.0725727937831295,90,0.03666666666666667,-0.010996216265990934,0.08432954959932426,90,0.018888888888888893,-0.021428738160749167,0.05920651593852695,90,0.03666666666666667,-0.010996216265990934,0.08432954959932426,-0.018888888888888893,-0.05920651593852695,0.021428738160749167,0.0,0.6666666666666666,100,60,0.22222222222222227
normalized_75v80_supplement,igl_experience,100,80,900,0.0,-0.00543816748181198,0.00543816748181198,90,0.004444444444444444,-0.04016964777201373,0.04905853666090262,90,0.003333333333333335,-0.024652542442141035,0.03131920910880771,90,-0.0011111111111111096,-0.02945477263073682,0.0272325504085146,90,0.003333333333333335,-0.024652542442141035,0.03131920910880771,0.0011111111111111096,-0.0272325504085146,0.02945477263073682,-8.673617379884035e-19,0.3333333333333333,100,80,0.0
normalized_75v80_supplement,mental_bundle,65,45,900,-0.012222222222222223,-0.02431232479969605,-0.00013211964474839702,90,-0.23000000000000004,-0.3446946351649437,-0.11530536483505638,90,-0.1844444444444444,-0.2805996480221855,-0.0882892408667033,90,0.04555555555555555,-0.021207861271689173,0.11231897238280028,90,-0.1844444444444444,-0.2805996480221855,-0.0882892408667033,-0.04555555555555555,-0.11231897238280028,0.021207861271689173,-7.632783294297951e-17,1.0,65,45,-1.2222222222222223
normalized_75v80_supplement,mental_bundle,65,85,900,0.006666666666666668,-0.006946867194072313,0.02028020052740565,90,0.1522222222222222,0.02444542934811833,0.2799990150963261,90,0.18555555555555556,0.08272954783228798,0.28838156327882314,90,0.033333333333333326,-0.0398297274719866,0.10649639413865325,90,0.18555555555555556,0.08272954783228798,0.28838156327882314,-0.033333333333333326,-0.10649639413865325,0.0398297274719866,-2.7755575615628914e-17,1.0,65,85,0.6666666666666667
normalized_75v80_supplement,micro_bundle,65,45,900,-0.07,-0.08703862720163597,-0.05296137279836405,90,-4.017777777777778,-4.229623958324709,-3.805931597230847,90,-3.795555555555556,-3.97335705225099,-3.6177540588601222,90,0.2222222222222222,0.1408446427325385,0.3035998017119059,90,-3.795555555555556,-3.97335705225099,-3.6177540588601222,-0.2222222222222222,-0.3035998017119059,-0.1408446427325385,3.3306690738754696e-16,1.0,65,45,-7.000000000000001
normalized_75v80_supplement,micro_bundle,65,85,900,0.5577777777777778,0.5265413903538375,0.5890141652017181,90,8.915555555555557,8.56225722809775,9.268853883013364,90,5.727777777777778,5.444070298855063,6.011485256700492,90,-3.1877777777777783,-3.370039640396372,-3.0055159151591844,90,5.727777777777778,5.444070298855063,6.011485256700492,3.1877777777777783,3.0055159151591844,3.370039640396372,4.440892098500626e-16,1.0,65,85,55.77777777777778
normalized_75v80_supplement,role_assignment,rotated,aligned,900,0.43111111111111117,0.39536169880012456,0.4668605234220978,90,5.995555555555556,5.590045306428999,6.401065804682112,90,2.8311111111111105,2.5864410231244284,3.0757811990977926,90,-3.1644444444444444,-3.4467984976480954,-2.8820903912407934,90,2.8311111111111105,2.5864410231244284,3.0757811990977926,3.1644444444444444,2.8820903912407934,3.4467984976480954,8.881784197001252e-16,1.0,rotated,aligned,43.111111111111114
normalized_75v80_supplement,role_assignment,rotated,worst_fit,900,-0.11777777777777776,-0.14895098332180967,-0.08660457223374585,90,-1.988888888888889,-2.334821382345382,-1.6429563954323958,90,-1.1577777777777778,-1.4126373634217393,-0.9029181921338163,90,0.8311111111111112,0.5921895185483029,1.0700327036739197,90,-1.1577777777777778,-1.4126373634217393,-0.9029181921338163,-0.8311111111111112,-1.0700327036739197,-0.5921895185483029,1.1102230246251565e-16,1.0,rotated,worst_fit,-11.777777777777775
normalized_75v80_supplement,role_comfort,100,40,900,-0.10666666666666669,-0.13506341438436262,-0.07826991894897076,90,-1.9455555555555555,-2.236318070614789,-1.654793040496322,90,-1.3988888888888888,-1.6041150420370451,-1.1936627357407326,90,0.5466666666666667,0.3669272100690595,0.726406123264274,90,-1.3988888888888888,-1.6041150420370451,-1.1936627357407326,-0.5466666666666667,-0.726406123264274,-0.3669272100690595,1.1102230246251565e-16,1.0,100,40,-10.666666666666668
normalized_75v80_supplement,role_comfort,100,60,900,-0.07444444444444445,-0.10279969688393292,-0.04608919200495598,90,-1.2722222222222221,-1.587370601037715,-0.9570738434067292,90,-0.8933333333333334,-1.1139156675249144,-0.6727509991417524,90,0.37888888888888883,0.20380876555348973,0.553969012224288,90,-0.8933333333333334,-1.1139156675249144,-0.6727509991417524,-0.37888888888888883,-0.553969012224288,-0.20380876555348973,1.1102230246251565e-16,1.0,100,60,-7.4444444444444455
normalized_75v80_supplement,role_comfort,100,80,900,-0.03666666666666667,-0.06206743050634629,-0.011265902826987046,90,-0.7044444444444444,-0.9571858960374806,-0.4517029928514082,90,-0.51,-0.6946055619647994,-0.32539443803520063,90,0.19444444444444445,0.04307307094951812,0.3458158179393708,90,-0.51,-0.6946055619647994,-0.32539443803520063,-0.19444444444444445,-0.3458158179393708,-0.04307307094951812,2.7755575615628914e-17,1.0,100,80,-3.6666666666666665
normalized_75v80_supplement,shared_language,50,100,900,0.0,0.0,0.0,90,0.0,0.0,0.0,90,0.0,0.0,0.0,90,0.0,0.0,0.0,90,0.0,0.0,0.0,-0.0,-0.0,-0.0,0.0,1.0,50,100,0.0
normalized_75v80_supplement,shared_language,50,20,900,0.0,0.0,0.0,90,0.0,0.0,0.0,90,0.0,0.0,0.0,90,0.0,0.0,0.0,90,0.0,0.0,0.0,-0.0,-0.0,-0.0,0.0,1.0,50,20,0.0
normalized_75v80_supplement,shared_language,50,75,900,0.0,0.0,0.0,90,0.0,0.0,0.0,90,0.0,0.0,0.0,90,0.0,0.0,0.0,90,0.0,0.0,0.0,-0.0,-0.0,-0.0,0.0,1.0,50,75,0.0
normalized_75v80_supplement,shared_language,50,no_common,900,0.0,0.0,0.0,90,0.0,0.0,0.0,90,0.0,0.0,0.0,90,0.0,0.0,0.0,90,0.0,0.0,0.0,-0.0,-0.0,-0.0,0.0,1.0,50,no_common,0.0
normalized_75v80_supplement,tactical_bundle,65,45,900,-0.10555555555555556,-0.12954132898984952,-0.08156978212126159,90,-2.1644444444444444,-2.447582955325486,-1.8813059335634028,90,-1.6688888888888889,-1.8990684834849252,-1.4387092942928525,90,0.4955555555555556,0.3690704702239995,0.6220406408871116,90,-1.6688888888888889,-1.8990684834849252,-1.4387092942928525,-0.4955555555555556,-0.6220406408871116,-0.3690704702239995,5.551115123125783e-17,1.0,65,45,-10.555555555555555
normalized_75v80_supplement,tactical_bundle,65,85,900,0.1622222222222222,0.1305782273819575,0.1938662170624869,90,2.431111111111111,2.08334261163794,2.778879610584282,90,1.6400000000000003,1.3951656712940428,1.884834328705958,90,-0.7911111111111111,-0.9725820468516722,-0.60964017537055,90,1.6400000000000003,1.3951656712940428,1.884834328705958,0.7911111111111111,0.60964017537055,0.9725820468516722,-4.440892098500626e-16,1.0,65,85,16.22222222222222
