context,factor,low_level,high_level,matches_per_level,weak_win_effect,weak_win_ci_low,weak_win_ci_high,weak_win_seed_clusters,weak_round_margin_effect,weak_round_margin_ci_low,weak_round_margin_ci_high,weak_round_margin_seed_clusters,weak_score_effect,weak_score_ci_low,weak_score_ci_high,weak_score_seed_clusters,strong_score_effect,strong_score_ci_low,strong_score_ci_high,strong_score_seed_clusters,rounds_won_added,rounds_won_added_ci_low,rounds_won_added_ci_high,opponent_rounds_denied,opponent_rounds_denied_ci_low,opponent_rounds_denied_ci_high,margin_reconciliation_error,seed_block_sign_agreement,comparison,weak_win_effect_pp,weak_win_ci_low_pp,weak_win_ci_high_pp
equal_75v75_core,agent_mastery,25,95,450,0.11555555555555554,0.07456412450005884,0.15654698661105224,45,1.5133333333333334,1.112986735300344,1.9136799313663229,45,0.8511111111111112,0.6144957753285396,1.0877264468936827,45,-0.6622222222222222,-0.8770887100017553,-0.44735573444268906,45,0.8511111111111112,0.6144957753285396,1.0877264468936827,0.6622222222222222,0.44735573444268906,0.8770887100017553,1.1102230246251565e-16,1.0,low-to-high,11.555555555555554,7.4564124500058835,15.654698661105224
equal_75v75_core,agent_selection,unfamiliar_same_role,comfort_lock,450,0.042222222222222223,0.00863954908313614,0.0758048953613083,45,0.5044444444444445,0.1164657341843866,0.8924231547045023,45,0.19777777777777783,-0.1189743321966199,0.5145298877521756,45,-0.3066666666666667,-0.5606575843021795,-0.05267574903115396,45,0.19777777777777783,-0.1189743321966199,0.5145298877521756,0.3066666666666667,0.05267574903115396,0.5606575843021795,-5.551115123125783e-17,1.0,observed worst-to-best,4.222222222222222,0.863954908313614,7.58048953613083
equal_75v75_core,chemistry_complex_system,20,100,450,0.2555555555555556,0.204091562353228,0.3070195487578832,45,3.686666666666667,3.181478920729941,4.1918544126033925,45,1.9955555555555557,1.6635335175554968,2.3275775935556147,45,-1.6911111111111112,-1.9831531319121112,-1.3990690903101113,45,1.9955555555555557,1.6635335175554968,2.3275775935556147,1.6911111111111112,1.3990690903101113,1.9831531319121112,0.0,1.0,low-to-high,25.55555555555556,20.4091562353228,30.701954875788317
equal_75v75_core,chemistry_neutral,20,100,450,0.0,0.0,0.0,45,0.0,0.0,0.0,45,0.0,0.0,0.0,45,0.0,0.0,0.0,45,0.0,0.0,0.0,-0.0,-0.0,-0.0,0.0,1.0,low-to-high,0.0,0.0,0.0
equal_75v75_core,coach_quality,20,80,450,0.006666666666666666,-0.019272653734771307,0.032605987068104636,45,0.020000000000000004,-0.22571493762660144,0.2657149376266014,45,0.08666666666666664,-0.13564287278658474,0.30897620611991805,45,0.06666666666666665,-0.09912934187175473,0.23246267520508804,45,0.08666666666666664,-0.13564287278658474,0.30897620611991805,-0.06666666666666665,-0.23246267520508804,0.09912934187175473,1.3877787807814457e-17,0.3333333333333333,low-to-high,0.6666666666666666,-1.9272653734771308,3.2605987068104634
equal_75v75_core,confidence,20,80,450,0.20666666666666664,0.14887717530661332,0.26445615802671996,45,2.9822222222222226,2.452275073138418,3.512169371306027,45,1.268888888888889,0.9862708899927831,1.5515068877849947,45,-1.713333333333333,-2.0214256070969725,-1.4052410595696934,45,1.268888888888889,0.9862708899927831,1.5515068877849947,1.713333333333333,1.4052410595696934,2.0214256070969725,6.661338147750939e-16,1.0,low-to-high,20.666666666666664,14.887717530661332,26.445615802671995
equal_75v75_core,counter_edge,-3,3,450,0.23555555555555552,0.16741987311084827,0.30369123800026276,45,3.2222222222222223,2.623925502114928,3.8205189423295165,45,1.6111111111111112,1.311962751057464,1.9102594711647582,45,-1.6111111111111112,-1.9102594711647582,-1.311962751057464,45,1.6111111111111112,1.311962751057464,1.9102594711647582,1.6111111111111112,1.311962751057464,1.9102594711647582,0.0,1.0,low-to-high,23.55555555555555,16.741987311084827,30.369123800026276
equal_75v75_core,focus_target,highest_id,captain,450,-0.0022222222222222222,-0.01975074684771839,0.015306302403273946,45,0.03111111111111111,-0.12589250788414852,0.18811473010637075,45,0.06888888888888887,-0.044218297890283864,0.1819960756680616,45,0.037777777777777785,-0.058575897428672793,0.13413145298422835,45,0.06888888888888887,-0.044218297890283864,0.1819960756680616,-0.037777777777777785,-0.13413145298422835,0.058575897428672793,2.0816681711721685e-17,0.6666666666666666,observed worst-to-best,-0.2222222222222222,-1.9750746847718392,1.5306302403273946
equal_75v75_core,form,20,80,450,0.2977777777777778,0.23421098666938583,0.3613445688861698,45,3.9733333333333336,3.419272909093287,4.52739375757338,45,1.9866666666666668,1.7096364545466436,2.26369687878669,45,-1.9866666666666668,-2.26369687878669,-1.7096364545466436,45,1.9866666666666668,1.7096364545466436,2.26369687878669,1.9866666666666668,1.7096364545466436,2.26369687878669,0.0,1.0,low-to-high,29.777777777777782,23.421098666938583,36.13445688861698
equal_75v75_core,halftime_talk,demand_more,reassure,450,0.32,0.23560600807224372,0.40439399192775627,45,4.797777777777778,3.826150737832631,5.769404817722926,45,2.522222222222222,1.9925228680042153,3.051921576440229,45,-2.2755555555555556,-2.7427512534052796,-1.8083598577058313,45,2.522222222222222,1.9925228680042153,3.051921576440229,2.2755555555555556,1.8083598577058313,2.7427512534052796,4.440892098500626e-16,1.0,observed worst-to-best,32.0,23.560600807224372,40.439399192775625
equal_75v75_core,map_mastery,25,95,450,0.11555555555555554,0.07456412450005884,0.15654698661105224,45,1.5133333333333334,1.112986735300344,1.9136799313663229,45,0.8511111111111112,0.6144957753285396,1.0877264468936827,45,-0.6622222222222222,-0.8770887100017553,-0.44735573444268906,45,0.8511111111111112,0.6144957753285396,1.0877264468936827,0.6622222222222222,0.44735573444268906,0.8770887100017553,1.1102230246251565e-16,1.0,low-to-high,11.555555555555554,7.4564124500058835,15.654698661105224
equal_75v75_core,morale,20,80,450,0.17777777777777778,0.11738842037765054,0.23816713517790503,45,2.3688888888888893,1.813149285682478,2.9246284920953007,45,1.1844444444444446,0.906574642841239,1.4623142460476504,45,-1.1844444444444446,-1.4623142460476504,-0.906574642841239,45,1.1844444444444446,0.906574642841239,1.4623142460476504,1.1844444444444446,0.906574642841239,1.4623142460476504,0.0,1.0,low-to-high,17.77777777777778,11.738842037765055,23.816713517790504
equal_75v75_core,prep_edge,0,1.5,450,0.042222222222222223,0.00863954908313614,0.0758048953613083,45,0.5333333333333332,0.1976831134677186,0.8689835531989478,45,0.15555555555555553,-0.060098720771212144,0.3712098318823232,45,-0.37777777777777777,-0.6309183382046251,-0.12463721735093042,45,0.15555555555555553,-0.060098720771212144,0.3712098318823232,0.37777777777777777,0.12463721735093042,0.6309183382046251,-1.1102230246251565e-16,1.0,low-to-high,4.222222222222222,0.863954908313614,7.58048953613083
equal_75v75_core,stamina,40,100,450,0.19333333333333333,0.15919865304098993,0.22746801362567673,45,2.9333333333333327,2.573896152031537,3.2927705146351283,45,1.7155555555555557,1.4077060350120372,2.0234050760990745,45,-1.2177777777777776,-1.4598498558432915,-0.9757056997122636,45,1.7155555555555557,1.4077060350120372,2.0234050760990745,1.2177777777777776,0.9757056997122636,1.4598498558432915,-6.661338147750939e-16,1.0,low-to-high,19.333333333333332,15.919865304098993,22.746801362567673
equal_75v75_core,tactic_aggression,0,100,450,0.29333333333333333,0.23997326159536023,0.34669340507130647,45,4.366666666666666,3.763789243657885,4.9695440896754475,45,2.1777777777777776,1.8163549152767926,2.5392006402787626,45,-2.188888888888889,-2.5687062628035457,-1.8090715149742327,45,2.1777777777777776,1.8163549152767926,2.5392006402787626,2.188888888888889,1.8090715149742327,2.5687062628035457,-4.440892098500626e-16,1.0,low-to-high,29.333333333333332,23.997326159536023,34.66934050713065
equal_75v75_core,tactic_eco_greed,0,100,450,0.02222222222222222,-0.022563723876528087,0.06700816832097253,45,0.18000000000000008,-0.3067827988364864,0.6667827988364866,45,0.03555555555555558,-0.2663187555180454,0.3374298666291565,45,-0.14444444444444443,-0.44037540297532585,0.15148651408643699,45,0.03555555555555558,-0.2663187555180454,0.3374298666291565,0.14444444444444443,-0.15148651408643699,0.44037540297532585,5.551115123125783e-17,1.0,low-to-high,2.222222222222222,-2.256372387652809,6.700816832097253
equal_75v75_core,tactic_map_control,0,100,450,-0.05333333333333335,-0.09364068482220862,-0.013025981844458079,45,-0.6533333333333334,-1.0751866031160868,-0.2314800635505801,45,-0.2577777777777778,-0.5451940076003811,0.029638452044825514,45,0.3955555555555555,0.10175341860827669,0.6893576925028343,45,-0.2577777777777778,-0.5451940076003811,0.029638452044825514,-0.3955555555555555,-0.6893576925028343,-0.10175341860827669,-1.6653345369377348e-16,1.0,low-to-high,-5.333333333333335,-9.364068482220862,-1.3025981844458079
equal_75v75_core,tactic_pace,0,100,450,-0.07555555555555554,-0.12843505075984843,-0.022676060351262656,45,-0.8977777777777778,-1.45989127841745,-0.33566427713810554,45,-0.5133333333333334,-0.858599945153248,-0.1680667215134189,45,0.3844444444444445,0.04545218753059255,0.7234367013582964,45,-0.5133333333333334,-0.858599945153248,-0.1680667215134189,-0.3844444444444445,-0.7234367013582964,-0.04545218753059255,1.1102230246251565e-16,1.0,low-to-high,-7.5555555555555545,-12.843505075984844,-2.2676060351262657
equal_75v75_core,tactic_util_discipline,0,100,450,-0.11555555555555556,-0.15654698661105226,-0.07456412450005886,45,-1.5333333333333334,-2.0216056559235156,-1.0450610107431513,45,-0.8111111111111112,-1.17016126516,-0.4520609570622225,45,0.7222222222222222,0.3667512073864391,1.0776932370580052,45,-0.8111111111111112,-1.17016126516,-0.4520609570622225,-0.7222222222222222,-1.0776932370580052,-0.3667512073864391,0.0,1.0,low-to-high,-11.555555555555557,-15.654698661105225,-7.456412450005886
equal_75v75_core,touchline_shout,demand_effort,encourage,450,0.19777777777777777,0.13890202555257142,0.25665353000298413,45,2.8399999999999994,2.2058664568980695,3.4741335431019293,45,1.3333333333333333,1.0219692383430614,1.644697428323605,45,-1.5066666666666666,-1.8938750135779632,-1.11945831975537,45,1.3333333333333333,1.0219692383430614,1.644697428323605,1.5066666666666666,1.11945831975537,1.8938750135779632,-4.440892098500626e-16,1.0,observed worst-to-best,19.77777777777778,13.890202555257142,25.665353000298413
equal_75v75_mechanisms,igl_experience,40,100,450,0.006666666666666668,-0.003256317317720702,0.016589650651054038,45,0.06444444444444446,-0.02411403106594502,0.15300291995483395,45,-0.00444444444444444,-0.0908455559841638,0.08195666709527491,45,-0.06888888888888889,-0.12317216979247692,-0.014605607985300861,45,-0.00444444444444444,-0.0908455559841638,0.08195666709527491,0.06888888888888889,0.014605607985300861,0.12317216979247692,1.3877787807814457e-17,1.0,low-to-high,0.6666666666666667,-0.3256317317720702,1.6589650651054038
equal_75v75_mechanisms,role_assignment,worst_fit,aligned,450,0.47111111111111104,0.42334049555755565,0.5188817266646665,45,7.224444444444444,6.785127952729197,7.663760936159691,45,2.517777777777778,2.20514545153362,2.8304101040219356,45,-4.706666666666666,-5.060083740036597,-4.353249593296735,45,2.517777777777778,2.20514545153362,2.8304101040219356,4.706666666666666,4.353249593296735,5.060083740036597,0.0,1.0,observed worst-to-best,47.1111111111111,42.33404955575556,51.888172666466645
equal_75v75_mechanisms,role_comfort,40,100,450,0.16444444444444445,0.12812286895900177,0.20076601992988713,45,2.0977777777777784,1.7349613530493235,2.4605942025062335,45,1.0955555555555554,0.7953302433198599,1.3957808677912509,45,-1.0022222222222223,-1.2580711266353155,-0.7463733178091292,45,1.0955555555555554,0.7953302433198599,1.3957808677912509,1.0022222222222223,0.7463733178091292,1.2580711266353155,6.661338147750939e-16,1.0,low-to-high,16.444444444444446,12.812286895900177,20.076601992988714
equal_75v75_mechanisms,shared_language,100,no_common,450,0.0,0.0,0.0,45,0.0,0.0,0.0,45,0.0,0.0,0.0,45,0.0,0.0,0.0,45,0.0,0.0,0.0,-0.0,-0.0,-0.0,0.0,1.0,observed worst-to-best,0.0,0.0,0.0
normalized_65v85,agent_mastery,25,95,900,0.006666666666666668,0.0014128977474790888,0.011920435585854247,90,0.5777777777777777,0.4816294091491794,0.673926146406376,90,0.5644444444444444,0.46883414397025913,0.6600547449186297,90,-0.013333333333333332,-0.041625744821759375,0.01495907815509271,90,0.5644444444444444,0.46883414397025913,0.6600547449186297,0.013333333333333332,-0.01495907815509271,0.041625744821759375,-2.42861286636753e-17,1.0,low-to-high,0.6666666666666667,0.14128977474790888,1.1920435585854248
normalized_65v85,agent_selection,auto,unfamiliar_same_role,900,-0.003333333333333334,-0.00995659566502094,0.0032899289983542718,90,0.07555555555555557,-0.07074735923339309,0.22185847034450423,90,0.0888888888888889,-0.05992374128706193,0.23770151906483974,90,0.013333333333333336,-0.02857938233003178,0.05524604899669845,90,0.0888888888888889,-0.05992374128706193,0.23770151906483974,-0.013333333333333336,-0.05524604899669845,0.02857938233003178,0.0,0.6666666666666666,observed worst-to-best,-0.33333333333333337,-0.995659566502094,0.3289928998354272
normalized_65v85,chemistry_neutral,20,100,900,0.0,0.0,0.0,90,0.0,0.0,0.0,90,0.0,0.0,0.0,90,0.0,0.0,0.0,90,0.0,0.0,0.0,-0.0,-0.0,-0.0,0.0,1.0,low-to-high,0.0,0.0,0.0
normalized_65v85,coach_quality,20,80,900,0.0011111111111111111,-0.004758117438957714,0.006980339661179937,90,0.0033333333333333487,-0.11036859233047285,0.11703525899713955,90,0.005555555555555557,-0.1020854162171371,0.11319652732824823,90,0.002222222222222223,-0.01975088573488161,0.024195330179326055,90,0.005555555555555557,-0.1020854162171371,0.11319652732824823,-0.002222222222222223,-0.024195330179326055,0.01975088573488161,1.5178830414797062e-17,0.6666666666666666,low-to-high,0.1111111111111111,-0.4758117438957714,0.6980339661179936
normalized_65v85,confidence,20,80,900,0.013333333333333336,0.003810068431802585,0.022856598234864085,90,1.1099999999999999,0.9673564764881726,1.2526435235118272,90,1.068888888888889,0.9417146382151759,1.196063139562602,90,-0.04111111111111111,-0.09143443368386045,0.009212211461638219,90,1.068888888888889,0.9417146382151759,1.196063139562602,0.04111111111111111,-0.009212211461638219,0.09143443368386045,-2.3592239273284576e-16,1.0,low-to-high,1.3333333333333335,0.38100684318025846,2.2856598234864087
normalized_65v85,counter_edge,-3,3,900,0.014444444444444447,0.005257797670928896,0.023631091217959997,90,1.1266666666666665,0.9899965266658388,1.2633368066674941,90,1.0888888888888888,0.9612581201888714,1.2165196575889061,90,-0.03777777777777777,-0.08409038381306662,0.008534828257511076,90,1.0888888888888888,0.9612581201888714,1.2165196575889061,0.03777777777777777,-0.008534828257511076,0.08409038381306662,-8.326672684688674e-17,1.0,low-to-high,1.4444444444444446,0.5257797670928895,2.3631091217959996
normalized_65v85,focus_target,captain,none,900,-0.0011111111111111111,-0.004949348562440152,0.002727126340217929,90,0.028888888888888895,-0.04408829594942472,0.10186607372720251,90,0.028888888888888895,-0.039124046807195986,0.09690182458497378,90,-3.0839528461809905e-19,-0.02034775952883564,0.02034775952883564,90,0.028888888888888895,-0.039124046807195986,0.09690182458497378,3.0839528461809905e-19,-0.02034775952883564,0.02034775952883564,-3.0839528461809905e-19,1.0,observed worst-to-best,-0.1111111111111111,-0.4949348562440152,0.2727126340217929
normalized_65v85,form,20,80,900,0.013333333333333336,0.004908560496955526,0.021758106169711147,90,1.3422222222222224,1.1920402330565718,1.492404211387873,90,1.317777777777778,1.175982395760718,1.4595731597948378,90,-0.024444444444444446,-0.0680980741105553,0.0192091852216664,90,1.317777777777778,1.175982395760718,1.4595731597948378,0.024444444444444446,-0.0192091852216664,0.0680980741105553,4.5102810375396984e-17,1.0,low-to-high,1.3333333333333335,0.49085604969555263,2.175810616971115
normalized_65v85,halftime_talk,demand_more,reassure,900,0.024444444444444446,0.013884914513071497,0.0350039743758174,90,2.281111111111111,2.0265240406133724,2.5356981816088497,90,2.197777777777778,1.9681699191553137,2.4273856364002424,90,-0.08333333333333333,-0.14487919967576438,-0.021787466990902275,90,2.197777777777778,1.9681699191553137,2.4273856364002424,0.08333333333333333,0.021787466990902275,0.14487919967576438,-2.914335439641036e-16,1.0,observed worst-to-best,2.4444444444444446,1.3884914513071496,3.5003974375817397
normalized_65v85,map_mastery,25,95,900,0.006666666666666668,0.0014128977474790888,0.011920435585854247,90,0.5777777777777777,0.4816294091491794,0.673926146406376,90,0.5644444444444444,0.46883414397025913,0.6600547449186297,90,-0.013333333333333332,-0.041625744821759375,0.01495907815509271,90,0.5644444444444444,0.46883414397025913,0.6600547449186297,0.013333333333333332,-0.01495907815509271,0.041625744821759375,-2.42861286636753e-17,1.0,low-to-high,0.6666666666666667,0.14128977474790888,1.1920435585854248
normalized_65v85,morale,20,80,900,0.012222222222222223,0.0034378405881351805,0.021006603856309265,90,1.001111111111111,0.8858145027339376,1.1164077194882844,90,0.9722222222222221,0.8606391274851762,1.0838053169592679,90,-0.02888888888888889,-0.0671168525680386,0.009339074790260821,90,0.9722222222222221,0.8606391274851762,1.0838053169592679,0.02888888888888889,-0.009339074790260821,0.0671168525680386,7.28583859910259e-17,1.0,low-to-high,1.2222222222222223,0.34378405881351803,2.1006603856309267
normalized_65v85,prep_edge,0,1.5,900,0.007777777777777778,-5.75741008017128e-05,0.01561312965635727,90,0.3388888888888889,0.2146931425796034,0.46308463519817444,90,0.31333333333333335,0.1977504171112066,0.4289162495554601,90,-0.025555555555555557,-0.0634359621820977,0.012324851070986586,90,0.31333333333333335,0.1977504171112066,0.4289162495554601,0.025555555555555557,-0.012324851070986586,0.0634359621820977,-3.469446951953614e-18,1.0,low-to-high,0.7777777777777778,-0.00575741008017128,1.561312965635727
normalized_65v85,roster_shape,balanced,two_stars,900,0.0044444444444444444,-0.003189104819373411,0.0120779937082623,90,0.27111111111111114,0.05544486956224057,0.4867773526599817,90,0.2833333333333333,0.07063562556295577,0.4960310411037109,90,0.012222222222222223,-0.02243271468411625,0.0468771591285607,90,0.2833333333333333,0.07063562556295577,0.4960310411037109,-0.012222222222222223,-0.0468771591285607,0.02243271468411625,3.2959746043559335e-17,1.0,observed worst-to-best,0.4444444444444444,-0.3189104819373411,1.20779937082623
normalized_65v85,skill_aim_precision,45,85,900,0.07111111111111111,0.0559737024146233,0.08624851980759893,90,4.004444444444445,3.778582325365898,4.230306563522992,90,3.755555555555555,3.558248948756039,3.9528621623550713,90,-0.24888888888888888,-0.3317351327147723,-0.16604264506300548,90,3.755555555555555,3.558248948756039,3.9528621623550713,0.24888888888888888,0.16604264506300548,0.3317351327147723,1.1657341758564144e-15,1.0,low-to-high,7.111111111111111,5.59737024146233,8.624851980759892
normalized_65v85,skill_aim_reactivity,45,85,900,0.05555555555555555,0.03982207107345012,0.07128904003766098,90,3.443333333333333,3.2248784610596095,3.6617882056070563,90,3.3188888888888886,3.1085296223667416,3.5292481554110355,90,-0.12444444444444445,-0.19047666100973662,-0.05841222787915229,90,3.3188888888888886,3.1085296223667416,3.5292481554110355,0.12444444444444445,0.05841222787915229,0.19047666100973662,-9.71445146547012e-17,1.0,low-to-high,5.555555555555555,3.9822071073450123,7.128904003766098
normalized_65v85,skill_clutch_factor,45,85,900,0.0011111111111111111,-0.001096642999451423,0.0033188652216736454,90,0.11222222222222222,0.06299476211638183,0.16144968232806262,90,0.11555555555555554,0.06562390688637311,0.16548720422473795,90,0.003333333333333333,-0.016635432042553053,0.02330209870921972,90,0.11555555555555554,0.06562390688637311,0.16548720422473795,-0.003333333333333333,-0.02330209870921972,0.016635432042553053,1.9949319973733282e-17,1.0,low-to-high,0.1111111111111111,-0.1096642999451423,0.33188652216736453
normalized_65v85,skill_comms_quality,45,85,900,0.0044444444444444444,-0.0017648467649429818,0.010653735653831872,90,0.054444444444444455,-0.05309574083262041,0.16198462972150932,90,0.045555555555555564,-0.06289742605319054,0.15400853716430166,90,-0.00888888888888889,-0.026550921773389163,0.008773143995611382,90,0.045555555555555564,-0.06289742605319054,0.15400853716430166,0.00888888888888889,-0.008773143995611382,0.026550921773389163,0.0,1.0,low-to-high,0.4444444444444444,-0.1764846764942982,1.065373565383187
normalized_65v85,skill_composure,45,85,900,-0.0011111111111111111,-0.0033188652216736454,0.001096642999451423,90,-0.06444444444444443,-0.14001417616142536,0.011125287272536519,90,-0.06444444444444443,-0.14001417616142536,0.011125287272536519,90,-6.167905692361981e-19,-0.0160095315834679,0.0160095315834679,90,-0.06444444444444443,-0.14001417616142536,0.011125287272536519,6.167905692361981e-19,-0.0160095315834679,0.0160095315834679,-6.167905692361981e-19,0.6666666666666666,low-to-high,-0.1111111111111111,-0.33188652216736453,0.1096642999451423
normalized_65v85,skill_game_sense,45,85,900,0.022222222222222223,0.011914645793811955,0.03252979865063249,90,1.3966666666666667,1.2114639933296192,1.5818693400037143,90,1.3355555555555556,1.1600868895582965,1.5110242215528147,90,-0.06111111111111111,-0.10581166185685356,-0.016410560365368664,90,1.3355555555555556,1.1600868895582965,1.5110242215528147,0.06111111111111111,0.016410560365368664,0.10581166185685356,6.938893903907228e-18,1.0,low-to-high,2.2222222222222223,1.1914645793811955,3.2529798650632493
normalized_65v85,skill_movement,45,85,900,0.012222222222222223,0.0023794005874752076,0.022065043856969238,90,0.7755555555555557,0.5597735489401193,0.991337562170992,90,0.7466666666666667,0.5411355890014073,0.952197744331926,90,-0.028888888888888884,-0.06607106336663773,0.008293285588859962,90,0.7466666666666667,0.5411355890014073,0.952197744331926,0.028888888888888884,-0.008293285588859962,0.06607106336663773,7.979727989493313e-17,1.0,low-to-high,1.2222222222222223,0.23794005874752078,2.206504385696924
normalized_65v85,skill_positioning,45,85,900,0.007777777777777778,-0.000663230904911649,0.016218786460467205,90,0.6699999999999999,0.5550049368222266,0.7849950631777732,90,0.6444444444444444,0.5373198554915867,0.7515690333973021,90,-0.025555555555555557,-0.0623803040004743,0.011269192889363181,90,0.6444444444444444,0.5373198554915867,0.7515690333973021,0.025555555555555557,-0.011269192889363181,0.0623803040004743,-3.469446951953614e-18,1.0,low-to-high,0.7777777777777778,-0.0663230904911649,1.6218786460467205
normalized_65v85,skill_tilt_resistance,45,85,900,0.0,0.0,0.0,90,0.17,0.11353289416111734,0.2264671058388827,90,0.1711111111111111,0.1139676879879829,0.2282545342342393,90,0.0011111111111111111,-0.001096642999451423,0.0033188652216736454,90,0.1711111111111111,0.1139676879879829,0.2282545342342393,-0.0011111111111111111,-0.0033188652216736454,0.001096642999451423,2.0599841277224584e-17,1.0,low-to-high,0.0,0.0,0.0
normalized_65v85,skill_utility_usage,45,85,900,0.0,-0.004440245155411823,0.004440245155411823,90,0.31333333333333335,0.21260727481387479,0.41405939185279195,90,0.3033333333333333,0.20638487378152093,0.40028179288514565,90,-0.009999999999999998,-0.038091350555506054,0.018091350555506057,90,0.3033333333333333,0.20638487378152093,0.40028179288514565,0.009999999999999998,-0.018091350555506057,0.038091350555506054,6.591949208711867e-17,1.0,low-to-high,0.0,-0.4440245155411823,0.4440245155411823
normalized_65v85,stamina,40,100,900,0.006666666666666668,0.0014128977474790888,0.011920435585854247,90,0.8855555555555554,0.7649899756856056,1.0061211354255053,90,0.8711111111111111,0.7551856533421185,0.9870365688801036,90,-0.014444444444444446,-0.04227332647996429,0.013384437591075401,90,0.8711111111111111,0.7551856533421185,0.9870365688801036,0.014444444444444446,-0.013384437591075401,0.04227332647996429,-7.45931094670027e-17,1.0,low-to-high,0.6666666666666667,0.14128977474790888,1.1920435585854248
normalized_65v85,tactic_aggression,0,100,900,0.020000000000000004,0.0073628407454332905,0.032637159254566714,90,1.9255555555555557,1.6988950419037225,2.152216069207389,90,1.9177777777777778,1.7064440827244785,2.1291114728310774,90,-0.007777777777777778,-0.06586085002613366,0.050305294470578105,90,1.9177777777777778,1.7064440827244785,2.1291114728310774,0.007777777777777778,-0.050305294470578105,0.06586085002613366,1.0495077029659683e-16,1.0,low-to-high,2.0000000000000004,0.736284074543329,3.263715925456671
normalized_65v85,tactic_eco_greed,0,100,900,0.0011111111111111111,-0.004758117438957713,0.006980339661179936,90,-0.19555555555555554,-0.36434068987215107,-0.02677042123895998,90,-0.21,-0.384644782274051,-0.03535521772594896,90,-0.014444444444444446,-0.037422683331376196,0.008533794442487303,90,-0.21,-0.384644782274051,-0.03535521772594896,0.014444444444444446,-0.008533794442487303,0.037422683331376196,8.673617379884035e-18,1.0,low-to-high,0.1111111111111111,-0.4758117438957713,0.6980339661179936
normalized_65v85,tactic_map_control,0,100,900,0.0,-0.006279454919044831,0.006279454919044831,90,-0.38,-0.5370868121245763,-0.22291318787542366,90,-0.4111111111111111,-0.5604857508754488,-0.26173647134677336,90,-0.03111111111111111,-0.0679470119246049,0.005724789702382667,90,-0.4111111111111111,-0.5604857508754488,-0.26173647134677336,0.03111111111111111,-0.005724789702382667,0.0679470119246049,-2.0816681711721685e-17,1.0,low-to-high,0.0,-0.6279454919044831,0.6279454919044831
normalized_65v85,tactic_pace,0,100,900,-0.0011111111111111115,-0.0084707049051395,0.006248482682917277,90,-0.16111111111111112,-0.35843228970507,0.036210067482847746,90,-0.16444444444444442,-0.35730937201010904,0.028420483121220225,90,-0.0033333333333333314,-0.03891768074064372,0.032251014073977055,90,-0.16444444444444442,-0.35730937201010904,0.028420483121220225,0.0033333333333333314,-0.032251014073977055,0.03891768074064372,-3.209238430557093e-17,1.0,low-to-high,-0.11111111111111116,-0.8470704905139501,0.6248482682917277
normalized_65v85,tactic_util_discipline,0,100,900,-0.006666666666666668,-0.01354546488266193,0.00021213154932859385,90,-0.5166666666666667,-0.6688463124994646,-0.36448702083386886,90,-0.5122222222222222,-0.6612461299963469,-0.3631983144480976,90,0.004444444444444444,-0.026143513196597433,0.03503240208548632,90,-0.5122222222222222,-0.6612461299963469,-0.3631983144480976,-0.004444444444444444,-0.03503240208548632,0.026143513196597433,-2.949029909160572e-17,1.0,low-to-high,-0.6666666666666667,-1.354546488266193,0.021213154932859385
normalized_65v85,touchline_shout,demand_effort,encourage,900,0.016666666666666666,0.007117558393600983,0.02621577493973235,90,1.9133333333333336,1.6585081319511608,2.1681585347155066,90,1.8511111111111107,1.6183422020780587,2.083880020144163,90,-0.06222222222222224,-0.11656561498000245,-0.00787882946444203,90,1.8511111111111107,1.6183422020780587,2.083880020144163,0.06222222222222224,0.00787882946444203,0.11656561498000245,6.036837696399289e-16,1.0,observed worst-to-best,1.6666666666666667,0.7117558393600983,2.621577493973235
normalized_65v85,weak_overall,45,85,900,0.5,0.5,0.5,90,12.274444444444443,12.211292893925927,12.337595994962959,90,9.88,9.703917544958754,10.056082455041247,90,-2.394444444444444,-2.551127890309263,-2.237760998579625,90,9.88,9.703917544958754,10.056082455041247,2.394444444444444,2.237760998579625,2.551127890309263,-1.7763568394002505e-15,1.0,low-to-high,50.0,50.0,50.0
normalized_65v85_complex_system,chemistry_complex_system,20,100,900,0.006666666666666668,0.0005462110973237693,0.012787122236009568,90,1.271111111111111,1.149865404013826,1.392356818208396,90,1.2422222222222221,1.1298928928308656,1.3545515516135787,90,-0.028888888888888884,-0.05804687439559848,0.0002690966178207181,90,1.2422222222222221,1.1298928928308656,1.3545515516135787,0.028888888888888884,-0.0002690966178207181,0.05804687439559848,7.979727989493313e-17,1.0,low-to-high,0.6666666666666667,0.054621109732376924,1.2787122236009567
normalized_65v85_supplement,igl_experience,40,100,900,-0.0011111111111111111,-0.0033188652216736454,0.0010966429994514234,90,0.012222222222222226,-0.012465656195688778,0.03691010064013323,90,0.014444444444444447,-0.008533794442487301,0.037422683331376196,90,0.0022222222222222222,-0.002193285998902847,0.006637730443347291,90,0.014444444444444447,-0.008533794442487301,0.037422683331376196,-0.0022222222222222222,-0.006637730443347291,0.002193285998902847,1.3010426069826053e-18,0.6666666666666666,low-to-high,-0.1111111111111111,-0.33188652216736453,0.10966429994514235
normalized_65v85_supplement,mental_bundle,45,85,900,0.003333333333333334,-0.003289928998354271,0.00995659566502094,90,0.2677777777777778,0.1745946138546617,0.3609609417008939,90,0.26222222222222225,0.1761468485808485,0.348297595863596,90,-0.005555555555555557,-0.03685237259123066,0.02574126148011955,90,0.26222222222222225,0.1761468485808485,0.348297595863596,0.005555555555555557,-0.02574126148011955,0.03685237259123066,-2.0816681711721685e-17,1.0,low-to-high,0.33333333333333337,-0.32899289983542707,0.995659566502094
normalized_65v85_supplement,micro_bundle,45,85,900,0.3122222222222222,0.288553637596665,0.33589080684777933,90,9.232222222222221,8.980910077667527,9.483534366776915,90,7.934444444444443,7.725749117000147,8.14313977188874,90,-1.2977777777777777,-1.4532490728358833,-1.142306482719672,90,7.934444444444443,7.725749117000147,8.14313977188874,1.2977777777777777,1.142306482719672,1.4532490728358833,4.440892098500626e-16,1.0,low-to-high,31.222222222222218,28.855363759666503,33.58908068477793
normalized_65v85_supplement,role_assignment,worst_fit,aligned,900,0.18,0.16009303844110861,0.19990696155889137,90,5.356666666666667,5.11269448837852,5.600638844954815,90,4.641111111111111,4.419946461400238,4.8622757608219835,90,-0.7155555555555555,-0.8638860342848416,-0.5672250768262694,90,4.641111111111111,4.419946461400238,4.8622757608219835,0.7155555555555555,0.5672250768262694,0.8638860342848416,8.881784197001252e-16,1.0,observed worst-to-best,18.0,16.00930384411086,19.990696155889136
normalized_65v85_supplement,role_comfort,40,100,900,0.005555555555555556,-0.001001223162459224,0.012112334273570335,90,0.838888888888889,0.6694688214887521,1.008308956289026,90,0.8322222222222223,0.6680283509756105,0.9964160934688341,90,-0.006666666666666668,-0.0340021372099369,0.020668803876603564,90,0.8322222222222223,0.6680283509756105,0.9964160934688341,0.006666666666666668,-0.020668803876603564,0.0340021372099369,4.163336342344337e-17,1.0,low-to-high,0.5555555555555556,-0.10012231624592238,1.2112334273570335
normalized_65v85_supplement,shared_language,100,no_common,900,0.0,0.0,0.0,90,0.0,0.0,0.0,90,0.0,0.0,0.0,90,0.0,0.0,0.0,90,0.0,0.0,0.0,-0.0,-0.0,-0.0,0.0,1.0,observed worst-to-best,0.0,0.0,0.0
normalized_65v85_supplement,tactical_bundle,45,85,900,0.03444444444444445,0.021437818432521766,0.047451070456367136,90,2.3066666666666666,2.091513993170409,2.5218193401629243,90,2.207777777777778,2.0166607393567264,2.3988948161988293,90,-0.09888888888888889,-0.1618006324250874,-0.03597714535269035,90,2.207777777777778,2.0166607393567264,2.3988948161988293,0.09888888888888889,0.03597714535269035,0.1618006324250874,-8.326672684688674e-17,1.0,low-to-high,3.444444444444445,2.1437818432521767,4.745107045636714
normalized_75v80_supplement,igl_experience,40,100,900,-0.0022222222222222227,-0.008484209917114415,0.00403976547266997,90,-0.03333333333333333,-0.08984842760473682,0.023181760938070152,90,-0.05444444444444445,-0.10380522523073482,-0.005083663658154082,90,-0.021111111111111105,-0.06174535235007006,0.019523130127847847,90,-0.05444444444444445,-0.10380522523073482,-0.005083663658154082,0.021111111111111105,-0.019523130127847847,0.06174535235007006,1.0408340855860843e-17,0.6666666666666666,low-to-high,-0.22222222222222227,-0.8484209917114415,0.403976547266997
normalized_75v80_supplement,mental_bundle,45,85,900,0.01888888888888889,0.0011572257479652813,0.0366205520298125,90,0.38222222222222213,0.22204756255918903,0.5423968818852553,90,0.37000000000000005,0.24502267619428203,0.4949773238057181,90,-0.012222222222222233,-0.10603798156447386,0.0815935371200294,90,0.37000000000000005,0.24502267619428203,0.4949773238057181,0.012222222222222233,-0.0815935371200294,0.10603798156447386,-1.5439038936193583e-16,1.0,low-to-high,1.8888888888888888,0.11572257479652813,3.66205520298125
normalized_75v80_supplement,micro_bundle,45,85,900,0.6277777777777779,0.6024590774943548,0.653096478061201,90,12.933333333333335,12.654197612110298,13.212469054556372,90,9.523333333333333,9.298364685392087,9.74830198127458,90,-3.4100000000000006,-3.59107410116361,-3.2289258988363914,90,9.523333333333333,9.298364685392087,9.74830198127458,3.4100000000000006,3.2289258988363914,3.59107410116361,1.3322676295501878e-15,1.0,low-to-high,62.777777777777786,60.24590774943548,65.3096478061201
normalized_75v80_supplement,role_assignment,worst_fit,aligned,900,0.5488888888888889,0.5159225811900976,0.5818551965876801,90,7.984444444444444,7.582217157783306,8.386671731105581,90,3.9888888888888894,3.732247242840484,4.245530534937295,90,-3.9955555555555553,-4.24870621625443,-3.742404894856681,90,3.9888888888888894,3.732247242840484,4.245530534937295,3.9955555555555553,3.742404894856681,4.24870621625443,-8.881784197001252e-16,1.0,observed worst-to-best,54.888888888888886,51.592258119009756,58.185519658768015
normalized_75v80_supplement,role_comfort,40,100,900,0.10666666666666669,0.07826991894897076,0.13506341438436262,90,1.9455555555555555,1.654793040496322,2.236318070614789,90,1.3988888888888888,1.1936627357407326,1.6041150420370451,90,-0.5466666666666667,-0.726406123264274,-0.3669272100690595,90,1.3988888888888888,1.1936627357407326,1.6041150420370451,0.5466666666666667,0.3669272100690595,0.726406123264274,-1.1102230246251565e-16,1.0,low-to-high,10.666666666666668,7.826991894897076,13.506341438436262
normalized_75v80_supplement,shared_language,100,no_common,900,0.0,0.0,0.0,90,0.0,0.0,0.0,90,0.0,0.0,0.0,90,0.0,0.0,0.0,90,0.0,0.0,0.0,-0.0,-0.0,-0.0,0.0,1.0,observed worst-to-best,0.0,0.0,0.0
normalized_75v80_supplement,tactical_bundle,45,85,900,0.26777777777777784,0.23720325142101858,0.29835230413453706,90,4.595555555555555,4.221138466753125,4.969972644357986,90,3.3088888888888883,3.04403944168944,3.573738336088337,90,-1.2866666666666666,-1.4735318927410332,-1.0998014405923,90,3.3088888888888883,3.04403944168944,3.573738336088337,1.2866666666666666,1.0998014405923,1.4735318927410332,4.440892098500626e-16,1.0,low-to-high,26.777777777777782,23.72032514210186,29.835230413453708
