dial,roster_profile,treatment_value,best_of,series,expected_fit_edge,control_win_rate,treatment_win_rate,series_win_lift_pp,series_win_lift_ci_low,series_win_lift_ci_high,rounds_won_added_per_map,rounds_won_added_ci_low,rounds_won_added_ci_high,round_margin_added_per_map,round_margin_added_ci_low,round_margin_added_ci_high
aggression,balanced,0.0,3,100,0.6666666666666665,0.54,0.34,-20.0,-32.45857783280907,-7.541422167190927,-0.77,-1.2296086832116009,-0.31039131678839915,-1.16,-1.9463875206379098,-0.3736124793620901
aggression,balanced,0.0,5,100,0.6666666666666665,0.47,0.32,-15.0,-25.92348040884517,-4.076519591154831,-0.6060000000000001,-0.9398552511360443,-0.27214474886395595,-1.0659999999999998,-1.62322178445817,-0.5087782155418297
aggression,balanced,100.0,3,100,0.6666666666666665,0.54,0.76,22.0,10.656535009980503,33.3434649900195,1.3266666666666669,0.9160813854749111,1.7372519478584225,3.13,2.417152602154543,3.842847397845457
aggression,balanced,100.0,5,100,0.6666666666666665,0.47,0.8,33.0,21.495193099483075,44.504806900516925,1.318,0.9729133611699956,1.6630866388300045,2.966,2.3682983813360257,3.5637016186639747
aggression,fraggers,0.0,3,100,1.1666666666666667,0.48,0.42,-6.0,-18.40238751860367,6.402387518603671,-0.4,-0.874408509982098,0.07440850998209797,-0.4800000000000001,-1.229203897899969,0.269203897899969
aggression,fraggers,0.0,5,100,1.1666666666666667,0.44,0.44,0.0,-11.819244707448332,11.819244707448332,-0.44799999999999995,-0.814083814347579,-0.08191618565242087,-0.51,-1.0595736970460363,0.039573697046036305
aggression,fraggers,100.0,3,100,1.1666666666666667,0.48,0.79,31.0,18.636783786105042,43.36321621389496,1.2566666666666666,0.8455697799894621,1.667763553343871,3.3433333333333333,2.6596577201490903,4.027008946517577
aggression,fraggers,100.0,5,100,1.1666666666666667,0.44,0.84,40.0,28.180755292551666,51.819244707448334,1.1219999999999999,0.8060383320525711,1.4379616679474285,3.054,2.5460060147655845,3.561993985234415
aggression,mixed,0.0,3,100,0.21666666666666667,0.54,0.43,-11.0,-23.73428776369078,1.7342877636907819,-0.4766666666666666,-0.9213577196630579,-0.03197561367027535,-1.0433333333333334,-1.785153914313587,-0.30151275235307984
aggression,mixed,0.0,5,100,0.21666666666666667,0.42,0.34,-8.0,-19.377621842365777,3.3776218423657767,-0.8240000000000001,-1.1838040729243198,-0.46419592707568025,-1.344,-1.8813701057272287,-0.8066298942727714
aggression,mixed,100.0,3,100,0.21666666666666667,0.54,0.67,13.0,1.2945710601163078,24.705428939883692,0.7366666666666667,0.34617697231905054,1.1271563610142827,2.1733333333333333,1.4728357072950309,2.873830959371636
aggression,mixed,100.0,5,100,0.21666666666666667,0.42,0.78,36.0,24.67707857949418,47.32292142050582,0.996,0.6785638469604232,1.3134361530395768,2.478,1.9155977999669453,3.0404022000330553
aggression,tacticians,0.0,3,100,-0.41666666666666674,0.51,0.41,-10.0,-20.235766170195035,0.2357661701950331,-0.5700000000000001,-0.9912947301498991,-0.14870526985010096,-0.9133333333333333,-1.599034412988113,-0.22763225367855355
aggression,tacticians,0.0,5,100,-0.41666666666666674,0.48,0.35,-13.0,-24.022497471310686,-1.9775025286893122,-0.728,-1.051180407847013,-0.404819592152987,-1.258,-1.7769500921645316,-0.7390499078354684
aggression,tacticians,100.0,3,100,-0.41666666666666674,0.51,0.73,22.0,11.733950431769106,32.2660495682309,1.0966666666666667,0.6809350647844049,1.5123982685489286,2.2333333333333334,1.5659299558786377,2.900736710788029
aggression,tacticians,100.0,5,100,-0.41666666666666674,0.48,0.73,25.0,13.387763333274663,36.61223666672534,1.022,0.7048125847070821,1.339187415292918,2.096,1.551388264570367,2.6406117354296335
map_control,balanced,0.0,3,100,0.6666666666666665,0.54,0.56,2.0,-8.41614597486503,12.41614597486503,0.21333333333333335,-0.09625947088213568,0.5229261375488023,0.4266666666666667,-0.06444998689682974,0.9177833202301631
map_control,balanced,0.0,5,100,0.6666666666666665,0.47,0.53,6.0,-4.356368459878571,16.35636845987857,0.25599999999999995,0.029947696621719228,0.48205230337828064,0.474,0.09731989031229238,0.8506801096877076
map_control,balanced,100.0,3,100,0.6666666666666665,0.54,0.45,-9.0,-19.081060550268596,1.0810605502685977,0.010000000000000089,-0.28866753577314613,0.30866753577314626,-0.08666666666666664,-0.5838508228078746,0.41051748947454136
map_control,balanced,100.0,5,100,0.6666666666666665,0.47,0.44,-3.0,-13.21869231982609,7.21869231982609,-0.019999999999999928,-0.26757799220088646,0.22757799220088662,-0.23000000000000004,-0.6392931990984982,0.1792931990984981
map_control,fraggers,0.0,3,100,-0.41666666666666674,0.48,0.55,7.000000000000001,-3.518094846117294,17.518094846117297,-0.14666666666666667,-0.4487597061995748,0.15542637286624145,0.07666666666666665,-0.33074290391834654,0.48407623725167986
map_control,fraggers,0.0,5,100,-0.41666666666666674,0.44,0.5,6.0,-5.080432475241382,17.08043247524138,-0.08800000000000008,-0.3365053780610242,0.16050537806102402,0.03600000000000003,-0.32454099651170953,0.3965409965117096
map_control,fraggers,100.0,3,100,-0.41666666666666674,0.48,0.4,-8.0,-18.673737050642696,2.6737370506426963,-0.49333333333333335,-0.8349650148139094,-0.15170165185275725,-0.5633333333333334,-1.066300571747596,-0.060366094919070856
map_control,fraggers,100.0,5,100,-0.41666666666666674,0.44,0.39,-5.0,-16.612236666725337,6.612236666725337,-0.4800000000000001,-0.7367797216575824,-0.22322027834241776,-0.636,-1.002349136428102,-0.26965086357189794
map_control,mixed,0.0,3,100,0.5333333333333333,0.54,0.53,-1.0,-11.966025771085949,9.966025771085949,0.18333333333333332,-0.16737741526256564,0.5340440819292323,0.3866666666666667,-0.15366166083794242,0.9269949941712758
map_control,mixed,0.0,5,100,0.5333333333333333,0.42,0.52,10.0,-0.6080967742435845,20.608096774243585,0.13399999999999987,-0.1262056822491537,0.3942056822491534,0.32400000000000007,-0.07047800208028387,0.718478002080284
map_control,mixed,100.0,3,100,0.5333333333333333,0.54,0.48,-6.0,-15.163620650940512,3.163620650940512,-0.17000000000000004,-0.5170179259027804,0.17701792590278032,-0.006666666666666643,-0.5354008424931104,0.5220675091597772
map_control,mixed,100.0,5,100,0.5333333333333333,0.42,0.43,1.0,-8.847400518395553,10.847400518395553,-0.22800000000000012,-0.49016471392672756,0.03416471392672735,-0.16800000000000004,-0.5688379702573099,0.2328379702573098
map_control,tacticians,0.0,3,100,1.1666666666666667,0.51,0.58,7.000000000000001,-2.3460095735824558,16.346009573582457,0.36999999999999994,0.07695184385807535,0.6630481561419246,0.6,0.16682671694371565,1.0331732830562843
map_control,tacticians,0.0,5,100,1.1666666666666667,0.48,0.54,6.0,-3.5777216244340444,15.577721624434044,0.294,0.0712418128929212,0.5167581871070788,0.41200000000000003,0.05989052538000106,0.764109474619999
map_control,tacticians,100.0,3,100,1.1666666666666667,0.51,0.54,3.0,-6.8316257377132015,12.831625737713201,0.21000000000000008,-0.14099093480992203,0.5609909348099222,0.48,-0.029408752855671683,0.9894087528556716
map_control,tacticians,100.0,5,100,1.1666666666666667,0.48,0.46,-2.0,-12.036697110548314,8.036697110548314,0.134,-0.13701659553345708,0.4050165955334571,0.198,-0.20348702173572458,0.5994870217357247
pace,balanced,0.0,3,100,0.6666666666666665,0.54,0.58,4.0,-6.7606345800634156,14.760634580063416,0.31,-0.10166284593164193,0.7216628459316419,0.6633333333333333,0.012016235706489908,1.3146504309601768
pace,balanced,0.0,5,100,0.6666666666666665,0.47,0.52,5.0,-5.5622732478201,15.5622732478201,0.10199999999999995,-0.2188655867864898,0.42286558678648967,0.31200000000000006,-0.17062543028269395,0.7946254302826941
pace,balanced,100.0,3,100,0.6666666666666665,0.54,0.4,-14.000000000000002,-27.366143872493744,-0.6338561275062613,-0.13666666666666663,-0.5802743676965507,0.3069410343632175,-0.4233333333333333,-1.09999807546458,0.2533314087979133
pace,balanced,100.0,5,100,0.6666666666666665,0.47,0.39,-8.0,-20.358507314004513,4.3585073140045125,-0.048000000000000084,-0.40319490614238124,0.30719490614238104,-0.33199999999999996,-0.8626599569546881,0.1986599569546882
pace,fraggers,0.0,3,100,1.1666666666666667,0.48,0.6,12.0,0.759628317730968,23.240371682269032,0.23666666666666664,-0.1311949818005514,0.6045283151338847,0.78,0.2522256639771978,1.3077743360228022
pace,fraggers,0.0,5,100,1.1666666666666667,0.44,0.48,4.0,-7.115397637802467,15.115397637802467,0.09399999999999985,-0.20910237398468456,0.3971023739846843,0.48200000000000004,0.0264487326459526,0.9375512673540475
pace,fraggers,100.0,3,100,1.1666666666666667,0.48,0.44,-4.0,-14.760634580063416,6.7606345800634156,-0.24666666666666676,-0.6349778852968129,0.14164455196347941,-0.20333333333333328,-0.796545333033359,0.38987866636669244
pace,fraggers,100.0,5,100,1.1666666666666667,0.44,0.39,-5.0,-17.87972331718631,7.879723317186311,-0.17600000000000005,-0.46536532218081716,0.11336532218081707,-0.22399999999999995,-0.6844040425627047,0.23640404256270484
pace,mixed,0.0,3,100,0.21666666666666667,0.54,0.46,-8.0,-20.040427523534824,4.040427523534824,-0.0733333333333333,-0.4166143181300561,0.2699476514633895,-0.003333333333333308,-0.5727064698787174,0.5660398032120508
pace,mixed,0.0,5,100,0.21666666666666667,0.42,0.47,5.0,-6.612236666725337,16.612236666725337,-0.13000000000000006,-0.4172168335856196,0.1572168335856195,-0.10800000000000003,-0.5698225245894594,0.3538225245894593
pace,mixed,100.0,3,100,0.21666666666666667,0.54,0.39,-15.0,-26.612236666725337,-3.3877633332746626,-0.8066666666666668,-1.2975286604335539,-0.31580467289977965,-0.9733333333333333,-1.7328457690593368,-0.2138208976073298
pace,mixed,100.0,5,100,0.21666666666666667,0.42,0.4,-2.0,-13.136324040333648,9.136324040333648,-0.7260000000000001,-1.0932916794070024,-0.3587083205929978,-0.95,-1.4792879837073287,-0.4207120162926711
pace,tacticians,0.0,3,100,-0.41666666666666674,0.51,0.42,-9.0,-19.081060550268596,1.0810605502685977,-0.08,-0.44912822319993156,0.28912822319993153,-0.08666666666666663,-0.6686317766779822,0.49529844334464895
pace,tacticians,0.0,5,100,-0.41666666666666674,0.48,0.43,-5.0,-15.5622732478201,5.5622732478201,-0.176,-0.4930594240322731,0.14105942403227312,-0.22599999999999998,-0.6866189130009117,0.2346189130009117
pace,tacticians,100.0,3,100,-0.41666666666666674,0.51,0.39,-12.0,-22.88968077928584,-1.1103192207141603,-0.48999999999999994,-0.9311086310898911,-0.04889136891010876,-0.9333333333333332,-1.5743416579893699,-0.2923250086772966
pace,tacticians,100.0,5,100,-0.41666666666666674,0.48,0.37,-11.0,-20.19532511879836,-1.8046748812016418,-0.428,-0.7340867459008338,-0.12191325409916615,-0.9059999999999999,-1.3757546381082812,-0.4362453618917186
util_discipline,balanced,0.0,3,100,0.6666666666666665,0.54,0.6,6.0,-0.11613398720915313,12.116133987209153,0.28333333333333327,0.12728995682046954,0.43937670984619703,0.39333333333333337,0.1534396509337778,0.633227015732889
util_discipline,balanced,0.0,5,100,0.6666666666666665,0.47,0.51,4.0,-2.1792536570022563,10.179253657002256,0.26199999999999996,0.1365828935032377,0.3874171064967622,0.34600000000000003,0.17079367734299689,0.5212063226570032
util_discipline,balanced,100.0,3,100,0.6666666666666665,0.54,0.43,-11.0,-22.78472149039003,0.7847214903900301,-0.40333333333333327,-0.8153144513123836,0.008647784645717083,-0.7333333333333333,-1.399087321391264,-0.06757934527540266
util_discipline,balanced,100.0,5,100,0.6666666666666665,0.47,0.39,-8.0,-19.713713624153826,3.713713624153824,-0.33799999999999997,-0.656447439641366,-0.019552560358633952,-0.6240000000000001,-1.1275571603315875,-0.12044283966841263
util_discipline,fraggers,0.0,3,100,-0.41666666666666674,0.48,0.48,0.0,-6.823844113463355,6.823844113463355,-0.026666666666666627,-0.23089278461018675,0.17755945127685352,-0.07000000000000002,-0.3506323656031463,0.2106323656031463
util_discipline,fraggers,0.0,5,100,-0.41666666666666674,0.44,0.44,0.0,-5.571645387426619,5.571645387426619,-0.03600000000000004,-0.17477535973178698,0.10277535973178692,-0.118,-0.30980505574697714,0.07380505574697716
util_discipline,fraggers,100.0,3,100,-0.41666666666666674,0.48,0.39,-9.0,-21.48813190128285,3.4881319012828484,-0.8466666666666667,-1.262618594304344,-0.43071473902898944,-1.1666666666666667,-1.7621713380945914,-0.5711619952387422
util_discipline,fraggers,100.0,5,100,-0.41666666666666674,0.44,0.29,-15.0,-28.177559744052797,-1.8224402559472033,-0.76,-1.0798240930653138,-0.4401759069346862,-1.176,-1.666598483800216,-0.6854015161997841
util_discipline,mixed,0.0,3,100,0.5333333333333333,0.54,0.53,-1.0,-6.208072987432515,4.208072987432515,0.04666666666666664,-0.11147495620473163,0.2048082895380649,0.06333333333333335,-0.1883681409246829,0.3150348075913496
util_discipline,mixed,0.0,5,100,0.5333333333333333,0.42,0.49,7.000000000000001,1.2535020765827838,12.746497923417218,0.027999999999999962,-0.07989732612932812,0.13589732612932803,0.10400000000000001,-0.07328691960386208,0.2812869196038621
util_discipline,mixed,100.0,3,100,0.5333333333333333,0.54,0.43,-11.0,-22.450714061806472,0.45071406180647244,-0.5466666666666667,-0.9173567572474239,-0.1759765760859096,-0.7399999999999999,-1.4260128842785562,-0.053987115721443435
util_discipline,mixed,100.0,5,100,0.5333333333333333,0.42,0.36,-6.0,-16.72451284476716,4.724512844767158,-0.6100000000000001,-0.9104235636160347,-0.30957643638396554,-0.922,-1.4292307659789136,-0.41476923402108634
util_discipline,tacticians,0.0,3,100,1.1666666666666667,0.51,0.56,5.0,-0.11788308509751655,10.117883085097517,0.3233333333333333,0.1056634812882285,0.5410031853784381,0.6533333333333334,0.40556385066202083,0.901102816004646
util_discipline,tacticians,0.0,5,100,1.1666666666666667,0.48,0.55,7.000000000000001,1.2535020765827838,12.746497923417218,0.276,0.1157941211434424,0.43620587885655765,0.504,0.2876019984035215,0.7203980015964785
util_discipline,tacticians,100.0,3,100,1.1666666666666667,0.51,0.39,-12.0,-20.486477419394866,-3.513522580605132,-0.48333333333333334,-0.9123434957029282,-0.05432317096373851,-0.74,-1.3460599794744237,-0.1339400205255764
util_discipline,tacticians,100.0,5,100,1.1666666666666667,0.48,0.32,-16.0,-26.688269034296198,-5.311730965703804,-0.43999999999999995,-0.7852622367436266,-0.09473776325637329,-0.858,-1.3317633665138167,-0.38423663348618325
