vlr_player_id,handle,observed_role,maps,map_wins,component_id,lineup_logit_coefficient,inseparable_teammates,replacement_pool_players,replacement_role_fallback,replacement_coefficient,experimental_war_proxy,experimental_war_per_100_maps,review_state,use_for_game_overall
4,crashies,initiator,17,11,454,0.077464,438|9554|9810,45,False,-0.062101,0.5718,3.3634,inseparable_lineup,False
11,Zyppan,duelist,11,4,454,-0.050659,4329|9558|35513,61,False,-0.050659,0.0,0.0,inseparable_lineup,False
64,gMd,controller,54,26,454,-0.038485,,56,False,-0.053131,0.1921,0.3558,experimental_not_causal,False
114,Enzo,initiator,5,1,454,-0.07465,,45,False,-0.062101,-0.0156,-0.3113,small_sample,False
126,NowaXxZang,controller,7,2,454,-0.061344,1524|2690|15969|58290,57,False,-0.050659,-0.0183,-0.2616,inseparable_lineup,False
195,Desmo,duelist,3,2,454,0.006103,,62,False,-0.050659,0.0401,1.3382,small_sample,False
251,B1SK,duelist,36,20,454,0.049624,1155|2653|8502|16209,61,False,-0.050659,0.8751,2.431,inseparable_lineup,False
261,Victor,duelist,2,0,454,-0.04321,,62,False,-0.050659,0.0037,0.1827,small_sample,False
292,Fit1nho,initiator,20,5,454,-0.101057,5199|15064|33731|40004,44,False,-0.058691,-0.187,-0.9352,inseparable_lineup,False
301,TakaS,duelist,31,17,454,0.058229,2625|5004|11322|20871,61,False,-0.050659,0.8179,2.6384,inseparable_lineup,False
309,paTiTek,controller,16,13,454,0.155505,,56,False,-0.053131,0.7785,4.8659,small_sample,False
321,chiwa,sentinel,39,20,454,0.025197,1369|1475|21610,20,False,-0.052308,0.7139,1.8305,inseparable_lineup,False
424,Dep,duelist,7,4,424,0.028036,4122|7405|7745|25915,0,True,,,,inseparable_lineup,False
438,Boaster,controller,17,11,454,0.077464,4|9554|9810,57,False,-0.050659,0.5247,3.0866,inseparable_lineup,False
454,dapr,initiator,8,3,454,-0.069565,,45,False,-0.062101,-0.0144,-0.1801,small_sample,False
457,nAts,controller,23,12,454,0.022875,1885|14681|18350|24628,57,False,-0.050659,0.4158,1.8077,inseparable_lineup,False
458,Chronicle,sentinel,38,22,454,0.076215,5022|5554|9780|33902,21,False,-0.050659,1.1746,3.0909,inseparable_lineup,False
485,stax,initiator,25,15,454,0.061589,804|2489|13039|29833,45,False,-0.062101,0.7427,2.9708,inseparable_lineup,False
488,Rb,controller,27,17,454,0.103605,31827|31828|31829|42772,57,False,-0.050659,1.0088,3.7362,inseparable_lineup,False
565,starxo,initiator,26,12,454,-0.006132,8286|10307|18400|23169,45,False,-0.062101,0.3554,1.3669,inseparable_lineup,False
569,pAura,initiator,24,12,454,0.027868,4589|8041|10161|16459,44,False,-0.062624,0.5227,2.1779,inseparable_lineup,False
573,cNed,duelist,12,2,454,-0.104449,5292|7105|8376|28948,62,False,-0.050659,-0.143,-1.1921,inseparable_lineup,False
601,Asuna,duelist,21,11,454,0.025294,3880|4147|20140|29893,62,False,-0.050659,0.3895,1.8549,inseparable_lineup,False
612,mitch,initiator,32,16,454,-0.014897,,44,False,-0.062624,0.3702,1.157,experimental_not_causal,False
619,C0M,initiator,9,1,454,-0.103026,8373,45,False,-0.062101,-0.0825,-0.9165,inseparable_lineup,False
651,frz,initiator,25,16,8889,0.091281,1575|14950|20240|27149,15,False,-0.038767,0.7775,3.1098,inseparable_lineup,False
662,pryze,initiator,18,9,8889,-0.005211,6195|15395|22912|40858,15,False,-0.038767,0.142,0.7889,inseparable_lineup,False
727,saadhak,controller,16,9,454,0.03965,939|8447|11921|41135,57,False,-0.050659,0.3549,2.2178,inseparable_lineup,False
729,Zellsis,controller,12,4,454,-0.05421,7871|18796,57,False,-0.050659,-0.0102,-0.0851,inseparable_lineup,False
733,stellar,controller,58,34,454,0.105177,,56,False,-0.053131,2.219,3.8259,experimental_not_causal,False
754,nerve,controller,26,10,454,-0.054767,,57,False,-0.050659,-0.0252,-0.0969,experimental_not_causal,False
765,Jerk,initiator,15,6,454,-0.031632,,44,False,-0.062624,0.1114,0.7429,small_sample,False
766,Ange,controller,67,33,454,0.055133,2119|12932|25902,56,False,-0.053131,1.7591,2.6255,inseparable_lineup,False
773,Lakia,initiator,13,4,454,-0.05043,9196|34974,45,False,-0.062101,0.0349,0.2685,inseparable_lineup,False
783,murizzz,sentinel,18,9,8889,0.00246,1671|3169|8892|32717,11,False,-0.038767,0.1806,1.0032,inseparable_lineup,False
796,eeiu,initiator,24,10,454,-0.012743,3722|5957|48025,45,False,-0.062101,0.2777,1.1569,inseparable_lineup,False
804,BuZz,duelist,25,15,454,0.061589,485|2489|13039|29833,62,False,-0.050659,0.6738,2.6951,inseparable_lineup,False
826,supamen,controller,12,2,454,-0.114706,8873|34400,57,False,-0.050659,-0.1763,-1.4692,inseparable_lineup,False
844,bdog,duelist,45,24,454,0.088617,,61,False,-0.050659,1.5056,3.3457,experimental_not_causal,False
872,Autumn,sentinel,30,14,454,0.02931,4428|5796|7754|13744,21,False,-0.050659,0.5738,1.9126,inseparable_lineup,False
873,Bob,initiator,44,13,454,-0.200181,,44,False,-0.058691,-1.4321,-3.2549,experimental_not_causal,False
893,RetrQ,duelist,51,18,454,-0.131509,17751,61,False,-0.050659,-0.963,-1.8883,inseparable_lineup,False
939,mwzera,initiator,16,9,454,0.03965,727|8447|11921|41135,45,False,-0.062101,0.3998,2.4987,inseparable_lineup,False
1023,XXiF,sentinel,37,20,454,0.067666,,20,False,-0.052308,1.0763,2.9089,experimental_not_causal,False
1089,Andersin,controller,47,18,454,-0.066116,8410|13754|16757|30467,56,False,-0.050525,-0.1699,-0.3616,inseparable_lineup,False
1120,ALEKSANDAR,initiator,4,2,454,-0.010498,,45,False,-0.062101,0.0482,1.2041,small_sample,False
1129,Rossy,controller,12,5,454,-0.019191,2462|21778|26171|35302,57,False,-0.050659,0.0907,0.7555,inseparable_lineup,False
1144,Boo,controller,37,21,454,0.066061,10971|21328|29873,57,False,-0.050659,1.0587,2.8612,inseparable_lineup,False
1155,Buld,initiator,36,20,454,0.049624,251|2653|8502|16209,44,False,-0.062624,0.9797,2.7214,inseparable_lineup,False
1209,SWERL,duelist,9,4,1209,-0.010664,5228|6659|43125|43128,5,True,,,,inseparable_lineup,False
1265,johnqt,controller,12,6,454,-0.007954,4581|5395|8419,57,False,-0.050659,0.1243,1.0356,inseparable_lineup,False
1281,MOLSI,controller,30,17,454,0.063781,18162|24424|33358,56,False,-0.053131,0.8419,2.8063,inseparable_lineup,False
1369,doma,duelist,39,20,454,0.025197,321|1475|21610,61,False,-0.050659,0.6987,1.7916,inseparable_lineup,False
1427,Redgar,initiator,26,9,454,-0.064195,31059|47523|57920|58522,44,False,-0.058691,-0.0335,-0.1289,inseparable_lineup,False
1430,crazyguy,controller,21,11,454,0.001892,4866|4871|8497|24895,57,False,-0.050659,0.2679,1.2758,inseparable_lineup,False
1437,YESicaN,initiator,8,4,1209,0.009509,8225|46463|48574|48575,5,True,,,,inseparable_lineup,False
1470,SimonD4rk,duelist,12,4,454,-0.070431,1618|5795,61,False,-0.050659,-0.0579,-0.4822,inseparable_lineup,False
1475,kamyk,controller,39,20,454,0.025197,321|1369|21610,56,False,-0.053131,0.7215,1.8499,inseparable_lineup,False
1524,H1ber,initiator,7,2,454,-0.061344,126|2690|15969|58290,45,False,-0.062101,0.0013,0.0185,inseparable_lineup,False
1533,Derrek,initiator,66,34,454,-0.057554,,44,False,-0.062624,0.0802,0.1215,experimental_not_causal,False
1566,prozin,duelist,20,12,8889,0.062537,5351|6238|22964|25858,25,False,-0.042545,0.5028,2.5142,inseparable_lineup,False
1575,qck,duelist,25,16,8889,0.091281,651|14950|20240|27149,25,False,-0.042545,0.8002,3.2006,inseparable_lineup,False
1578,shion,initiator,25,10,8889,-0.042545,2486|5342|8896|56935,15,False,-0.0201,-0.1341,-0.5364,inseparable_lineup,False
1581,GuhRVN,controller,34,20,8889,0.062653,2567|8706|25743|48981,16,False,-0.053303,0.9548,2.8083,inseparable_lineup,False
1586,v1nny,initiator,20,8,8889,-0.03499,23010|37098|41225,15,False,-0.023878,-0.0525,-0.2623,inseparable_lineup,False
1618,SpYzera,controller,12,4,454,-0.070431,1470|5795,56,False,-0.050525,-0.0583,-0.4855,inseparable_lineup,False
1671,kon4n,initiator,18,9,8889,0.00246,783|3169|8892|32717,15,False,-0.038767,0.1806,1.0032,inseparable_lineup,False
1818,tex,sentinel,15,7,454,0.01005,4004|7603|8480|21668,21,False,-0.050659,0.218,1.4535,inseparable_lineup,False
1835,elllement,sentinel,11,4,454,-0.030107,2525|2617,20,False,-0.052308,0.0591,0.5372,inseparable_lineup,False
1885,purp0,initiator,23,12,454,0.022875,457|14681|18350|24628,45,False,-0.062101,0.4804,2.0887,inseparable_lineup,False
1916,free1ng,duelist,20,11,454,0.053747,4462|4678|28400,62,False,-0.050659,0.5032,2.5161,inseparable_lineup,False
1960,eKo,duelist,13,4,454,-0.080984,6668|12990|25221|34776,62,False,-0.050659,-0.0942,-0.7243,inseparable_lineup,False
1971,oitaN,controller,5,2,424,-0.019855,2671|25048|34727|47481,0,True,,,,inseparable_lineup,False
2119,renz,duelist,67,33,454,0.055133,766|12932|25902,61,False,-0.050659,1.7191,2.5658,inseparable_lineup,False
2149,C1ndeR,controller,12,2,454,-0.123365,4426|34926|37532|42733,57,False,-0.050659,-0.2017,-1.6807,inseparable_lineup,False
2164,Paincakes,sentinel,47,25,454,0.091677,14048,20,False,-0.052308,1.636,3.4809,inseparable_lineup,False
2170,BABYBAY,sentinel,49,29,454,0.106935,3885|3993|7873|15500,21,False,-0.050659,1.8819,3.8406,inseparable_lineup,False
2172,brawk,initiator,49,28,454,0.086502,5132|11118|11225|11494,45,False,-0.062101,1.7671,3.6062,inseparable_lineup,False
2173,MAGNUM,sentinel,33,24,454,0.176602,3674|10338|55681,20,False,-0.052308,1.7723,5.3705,inseparable_lineup,False
2256,Jady,initiator,5,1,454,-0.071951,,45,False,-0.062101,-0.0119,-0.239,small_sample,False
2334,JessieVash,initiator,12,3,454,-0.067191,4056|4874|7437,45,False,-0.062101,-0.0137,-0.1142,inseparable_lineup,False
2366,aLerT,controller,12,8,1209,0.05219,23062|41694|41702|48516,4,True,,,,inseparable_lineup,False
2408,tuyz,controller,32,21,8889,0.108415,3455|8872|13093|15681,16,False,-0.053303,1.238,3.8686,inseparable_lineup,False
2462,keznit,duelist,12,5,454,-0.019191,1129|21778|26171|35302,62,False,-0.050659,0.0907,0.7555,inseparable_lineup,False
2486,pollo,sentinel,25,10,8889,-0.042545,1578|5342|8896|56935,11,False,-0.0201,-0.1341,-0.5364,inseparable_lineup,False
2489,Munchkin,controller,25,15,454,0.061589,485|804|13039|29833,57,False,-0.050659,0.6738,2.6951,inseparable_lineup,False
2525,szimpli,duelist,11,4,454,-0.030107,1835|2617,61,False,-0.050659,0.0547,0.4974,inseparable_lineup,False
2567,liazzi,duelist,34,20,8889,0.062653,1581|8706|25743|48981,25,False,-0.042545,0.866,2.5469,inseparable_lineup,False
2615,CLZ,sentinel,5,2,424,-0.017104,4664|6700|34827|43064,0,True,,,,inseparable_lineup,False
2617,Leare,controller,11,4,454,-0.030107,1835|2525,56,False,-0.053131,0.0613,0.5571,inseparable_lineup,False
2625,sh1n,controller,31,17,454,0.058229,301|5004|11322|20871,56,False,-0.053131,0.8365,2.6983,inseparable_lineup,False
2653,Jesse,controller,36,20,454,0.049624,251|1155|8502|16209,56,False,-0.053131,0.8967,2.4909,inseparable_lineup,False
2671,popogachi,initiator,5,2,424,-0.019855,1971|25048|34727|47481,0,True,,,,inseparable_lineup,False
2690,hoody,initiator,7,2,454,-0.061344,126|1524|15969|58290,45,False,-0.062101,0.0013,0.0185,inseparable_lineup,False
2858,SUYGETSU,sentinel,13,3,454,-0.086104,5654|16215|20144|36245,21,False,-0.050659,-0.1063,-0.8179,inseparable_lineup,False
3007,tdawgg,initiator,53,28,454,0.016208,,44,False,-0.062624,1.0067,1.8995,experimental_not_causal,False
3017,nobody,initiator,43,25,454,0.055062,3520|4742|15559,45,False,-0.062101,1.2161,2.828,inseparable_lineup,False
3020,coldfish,initiator,3,1,454,-0.020154,6126|51250|58008|58009,45,False,-0.062101,0.0313,1.0427,inseparable_lineup,False
3028,Life,duelist,34,16,454,-0.012199,3741|4705|11524|31753,62,False,-0.050659,0.3179,0.935,inseparable_lineup,False
3031,Septem7,controller,5,2,454,-0.035193,,57,False,-0.050659,0.0192,0.3834,small_sample,False
3049,sword9,initiator,24,13,454,0.003633,36685|39485|41739|55085,45,False,-0.062101,0.3918,1.6326,inseparable_lineup,False
3063,meL,controller,14,4,454,-0.068356,,56,False,-0.050525,-0.0575,-0.4106,small_sample,False
3079,alexis,initiator,20,4,454,-0.190643,,44,False,-0.058691,-0.6188,-3.0941,experimental_not_causal,False
3127,MONSTEERR,sentinel,5,1,454,-0.054035,4325|4629|7660|57336,21,False,-0.050659,-0.0041,-0.082,inseparable_lineup,False
3169,Zap,initiator,18,9,8889,0.00246,783|1671|8892|32717,15,False,-0.038767,0.1806,1.0032,inseparable_lineup,False
3424,Siduzord,initiator,22,13,8889,0.056743,6202|9266|13823|20238,15,False,-0.038767,0.5038,2.2902,inseparable_lineup,False
3455,Zanatsu,duelist,32,21,8889,0.108415,2408|8872|13093|15681,25,False,-0.042545,1.1549,3.6091,inseparable_lineup,False
3519,jkuro,controller,21,9,454,-0.030915,11218|12365|16924|49476,57,False,-0.050659,0.1019,0.4851,inseparable_lineup,False
3520,ZmjjKK,duelist,43,25,454,0.055062,3017|4742|15559,62,False,-0.050659,1.0969,2.5508,inseparable_lineup,False
3547,Ninebody,duelist,3,2,454,0.020154,19531|36668|47102,62,False,-0.050659,0.053,1.7663,inseparable_lineup,False
3549,Touven,controller,2,0,454,-0.03823,,57,False,-0.050659,0.0059,0.2931,small_sample,False
3626,Lightningfast,controller,5,1,1209,-0.051035,3627|9263|26376|26829,5,True,,,,inseparable_lineup,False
3627,hellff,initiator,5,1,1209,-0.051035,3626|9263|26376|26829,5,True,,,,inseparable_lineup,False
3674,iluri,initiator,33,24,454,0.176602,2173|10338|55681,44,False,-0.062624,1.8536,5.6171,inseparable_lineup,False
3685,flyuh,initiator,71,40,454,0.098247,7458|25745,44,False,-0.062624,2.7564,3.8823,inseparable_lineup,False
3702,sym,duelist,11,3,454,-0.043554,,61,False,-0.050659,0.0173,0.1572,small_sample,False
3722,koalanoob,duelist,24,10,454,-0.012743,796|5957|48025,62,False,-0.050659,0.2135,0.8895,inseparable_lineup,False
3741,vo0kashu,sentinel,34,16,454,-0.012199,3028|4705|11524|31753,21,False,-0.050659,0.3179,0.935,inseparable_lineup,False
3839,Prti,controller,19,10,454,-0.00507,19526|39682,56,False,-0.053131,0.2225,1.1713,inseparable_lineup,False
3880,bang,controller,21,11,454,0.025294,601|4147|20140|29893,57,False,-0.050659,0.3895,1.8549,inseparable_lineup,False
3885,valyn,controller,49,29,454,0.106935,2170|3993|7873|15500,57,False,-0.050659,1.8819,3.8406,inseparable_lineup,False
3977,Crws,controller,26,15,454,0.051591,13784|13788|25255|27254,57,False,-0.050659,0.6426,2.4716,inseparable_lineup,False
3983,Virtyy,duelist,15,6,454,-0.023675,6193|10557|28716,62,False,-0.050659,0.0969,0.6462,inseparable_lineup,False
3993,jawgemo,duelist,49,29,454,0.106935,2170|3885|7873|15500,62,False,-0.050659,1.8819,3.8406,inseparable_lineup,False
4004,zekken,duelist,15,7,454,0.01005,1818|7603|8480|21668,62,False,-0.050659,0.218,1.4535,inseparable_lineup,False
4056,Sylvan,controller,12,3,454,-0.067191,2334|4874|7437,57,False,-0.050659,-0.0446,-0.3715,inseparable_lineup,False
4122,Persia,controller,7,4,424,0.028036,424|7405|7745|25915,0,True,,,,inseparable_lineup,False
4147,Cryocells,sentinel,21,11,454,0.025294,601|3880|20140|29893,21,False,-0.050659,0.3895,1.8549,inseparable_lineup,False
4181,Cloud,initiator,13,5,454,-0.039813,5550|6959|11332|34684,45,False,-0.062101,0.0689,0.5303,inseparable_lineup,False
4244,YaBoiLewis,initiator,24,14,454,0.072979,,44,False,-0.062624,0.7915,3.298,experimental_not_causal,False
4325,musashi,initiator,5,1,454,-0.054035,3127|4629|7660|57336,45,False,-0.062101,0.0098,0.1957,inseparable_lineup,False
4329,Vince,controller,11,4,454,-0.050659,11|9558|35513,56,False,-0.052997,0.0062,0.0565,inseparable_lineup,False
4385,monSi,controller,37,17,454,-0.060546,,56,False,-0.050525,-0.0898,-0.2427,experimental_not_causal,False
4404,suyjing,sentinel,3,2,454,0.018619,4657,21,False,-0.050659,0.0517,1.7238,inseparable_lineup,False
4426,Klaus,duelist,12,2,454,-0.123365,2149|34926|37532|42733,62,False,-0.050659,-0.2017,-1.6807,inseparable_lineup,False
4428,UdoTan,duelist,30,14,454,0.02931,872|5796|7754|13744,62,False,-0.050659,0.5738,1.9126,inseparable_lineup,False
4462,MaKo,controller,20,11,454,0.053747,1916|4678|28400,57,False,-0.050659,0.5032,2.5161,inseparable_lineup,False
4519,Kamisseq,duelist,6,2,454,-0.019195,4525,62,False,-0.050659,0.045,0.7507,inseparable_lineup,False
4521,UNFAKE,initiator,34,19,454,0.099847,,44,False,-0.062624,1.2932,3.8036,experimental_not_causal,False
4525,Stix,initiator,6,2,454,-0.019195,4519,45,False,-0.062101,0.0613,1.0224,inseparable_lineup,False
4544,Filu,sentinel,13,6,454,-0.008265,18677|29867,21,False,-0.050659,0.1361,1.0466,inseparable_lineup,False
4581,JonahP,initiator,12,6,454,-0.007954,1265|5395|8419,45,False,-0.062101,0.1576,1.3132,inseparable_lineup,False
4589,Burzzy,controller,24,12,454,0.027868,569|8041|10161|16459,56,False,-0.053131,0.468,1.9501,inseparable_lineup,False
4614,Madaô,controller,11,2,454,-0.107538,12673|40665|40667,56,False,-0.050525,-0.1425,-1.2958,inseparable_lineup,False
4629,azury,duelist,5,1,454,-0.054035,3127|4325|7660|57336,62,False,-0.050659,-0.0041,-0.082,inseparable_lineup,False
4657,Moves,initiator,3,2,454,0.018619,4404,45,False,-0.062101,0.0603,2.0092,inseparable_lineup,False
4663,JoXJo,initiator,3,1,424,-0.024188,5476|10584|37393|48577,0,True,,,,inseparable_lineup,False
4664,GangPin,controller,5,2,424,-0.017104,2615|6700|34827|43064,0,True,,,,inseparable_lineup,False
4666,AcMe,unknown,6,6,454,0.106245,4711|11843,18,False,0.003321,0.1425,2.3758,inseparable_lineup,False
4678,BeYN,initiator,20,11,454,0.053747,1916|4462|28400,45,False,-0.062101,0.5582,2.7911,inseparable_lineup,False
4705,Flex1n,controller,34,16,454,-0.012199,3028|3741|11524|31753,57,False,-0.050659,0.3179,0.935,inseparable_lineup,False
4711,XiaoFei,unknown,6,6,454,0.106245,4666|11843,18,False,0.003321,0.1425,2.3758,inseparable_lineup,False
4720,Haodong,controller,19,7,454,-0.063829,4881|19677|42235|47629,57,False,-0.050659,-0.0613,-0.3227,inseparable_lineup,False
4742,Smoggy,duelist,43,25,454,0.055062,3017|3520|15559,62,False,-0.050659,1.0969,2.5508,inseparable_lineup,False
4763,ZiXuan,unknown,14,7,454,0.002901,24305,17,False,0.004583,-0.0058,-0.0413,inseparable_lineup,False
4774,Knight,initiator,13,6,454,-0.022667,4885|10698|48878|62947,45,False,-0.062101,0.1277,0.9823,inseparable_lineup,False
4828,NiSMO,initiator,44,34,454,0.231643,30470,44,False,-0.062624,2.8823,6.5508,inseparable_lineup,False
4866,Kushy,initiator,21,11,454,0.001892,1430|4871|8497|24895,45,False,-0.062101,0.3263,1.5537,inseparable_lineup,False
4871,xffero,controller,21,11,454,0.001892,1430|4866|8497|24895,57,False,-0.050659,0.2679,1.2758,inseparable_lineup,False
4874,BerserX,sentinel,12,3,454,-0.067191,2334|4056|7437,21,False,-0.050659,-0.0446,-0.3715,inseparable_lineup,False
4881,Spitfires,duelist,19,7,454,-0.063829,4720|19677|42235|47629,62,False,-0.050659,-0.0613,-0.3227,inseparable_lineup,False
4885,whzy,duelist,13,6,454,-0.022667,4774|10698|48878|62947,62,False,-0.050659,0.0907,0.6974,inseparable_lineup,False
4892,MerSa,initiator,13,5,454,-0.03761,39351|50776|52965,44,False,-0.062624,0.0784,0.6031,inseparable_lineup,False
4917,Kaoticc,duelist,45,21,454,0.047216,,61,False,-0.050659,1.0273,2.2829,experimental_not_causal,False
4927,NaturE,initiator,84,53,454,0.140604,8082|29076|30556,44,False,-0.062624,3.9732,4.73,inseparable_lineup,False
5004,nataNk,sentinel,31,17,454,0.058229,301|2625|11322|20871,20,False,-0.052308,0.8303,2.6783,inseparable_lineup,False
5011,Abo,controller,19,8,454,-0.045759,10821|36415|37494|54487,57,False,-0.050659,0.0227,0.1193,inseparable_lineup,False
5022,Derke,duelist,38,22,454,0.076215,458|5554|9780|33902,62,False,-0.050659,1.1746,3.0909,inseparable_lineup,False
5035,Blahst,controller,21,9,454,-0.014069,,56,False,-0.053131,0.1997,0.9508,experimental_not_causal,False
5093,Logan,initiator,4,0,454,-0.076701,,45,False,-0.062101,-0.0134,-0.3361,small_sample,False
5132,mada,duelist,49,28,454,0.086502,2172|11118|11225|11494,62,False,-0.050659,1.6308,3.3281,inseparable_lineup,False
5166,CHAROD,sentinel,39,14,454,-0.082209,,20,False,-0.035245,-0.4222,-1.0825,experimental_not_causal,False
5199,Guardy,initiator,20,5,454,-0.101057,292|15064|33731|40004,44,False,-0.058691,-0.187,-0.9352,inseparable_lineup,False
5203,Bati,controller,7,2,454,-0.051802,,57,False,-0.050659,-0.0019,-0.0276,small_sample,False
5228,Minimise,initiator,9,4,1209,-0.010664,1209|6659|43125|43128,5,True,,,,inseparable_lineup,False
5292,al0rante,controller,12,2,454,-0.104449,573|7105|8376|28948,57,False,-0.050659,-0.143,-1.1921,inseparable_lineup,False
5342,duhT,controller,25,10,8889,-0.042545,1578|2486|8896|56935,16,False,-0.047637,0.0304,0.1215,inseparable_lineup,False
5351,RgLMeister,controller,20,12,8889,0.062537,1566|6238|22964|25858,16,False,-0.053303,0.5544,2.772,inseparable_lineup,False
5395,cortezia,sentinel,12,6,454,-0.007954,1265|4581|8419,21,False,-0.050659,0.1243,1.0356,inseparable_lineup,False
5476,Minty,controller,3,1,424,-0.024188,4663|10584|37393|48577,0,True,,,,inseparable_lineup,False
5500,Docent,controller,11,5,454,0.000619,,56,False,-0.053131,0.1429,1.2995,small_sample,False
5550,grubinho,controller,13,5,454,-0.039813,4181|6959|11332|34684,57,False,-0.050659,0.0336,0.2582,inseparable_lineup,False
5554,PROFEK,controller,38,22,454,0.076215,458|5022|9780|33902,57,False,-0.050659,1.1746,3.0909,inseparable_lineup,False
5564,DeadInk,duelist,41,28,454,0.148796,10146|18615|55694|58496,61,False,-0.050659,1.9268,4.6996,inseparable_lineup,False
5565,Rosé,initiator,22,8,454,-0.045247,12795|24344|31305|40935,45,False,-0.062101,0.0868,0.3945,inseparable_lineup,False
5568,sociablEE,controller,38,20,454,0.050184,8369|12793|15735|39357,57,False,-0.050659,0.9426,2.4805,inseparable_lineup,False
5599,KHaaLiD,initiator,10,4,454,-0.034411,36070,44,False,-0.062624,0.0694,0.6943,inseparable_lineup,False
5654,Avez,initiator,13,3,454,-0.086104,2858|16215|20144|36245,45,False,-0.062101,-0.0719,-0.553,inseparable_lineup,False
5795,sickrey,sentinel,12,4,454,-0.070431,1470|1618,20,False,-0.035245,-0.103,-0.8587,inseparable_lineup,False
5796,Kr1stal,sentinel,30,14,454,0.02931,872|4428|7754|13744,21,False,-0.050659,0.5738,1.9126,inseparable_lineup,False
5957,artzin,sentinel,24,10,454,-0.012743,796|3722|48025,21,False,-0.050659,0.2135,0.8895,inseparable_lineup,False
6022,yosemite,sentinel,12,2,454,-0.117509,7849|14125|19292|49973,21,False,-0.050659,-0.1832,-1.5269,inseparable_lineup,False
6024,GlXad,initiator,2,0,454,-0.036092,25949|47101|66119|66120,45,False,-0.062101,0.012,0.5977,inseparable_lineup,False
6126,sibeastw0w,duelist,3,1,454,-0.020154,3020|51250|58008|58009,62,False,-0.050659,0.0228,0.7586,inseparable_lineup,False
6193,cauanzin,initiator,15,6,454,-0.023675,3983|10557|28716,45,False,-0.062101,0.1379,0.9194,inseparable_lineup,False
6195,lz,controller,18,9,8889,-0.005211,662|15395|22912|40858,16,False,-0.053303,0.2035,1.1305,inseparable_lineup,False
6202,guuih,sentinel,22,13,8889,0.056743,3424|9266|13823|20238,11,False,-0.038767,0.5038,2.2902,inseparable_lineup,False
6238,Urango,initiator,20,12,8889,0.062537,1566|5351|22964|25858,15,False,-0.038767,0.4847,2.4237,inseparable_lineup,False
6437,Dark3st,initiator,57,30,454,0.028543,,44,False,-0.062624,1.2568,2.2049,experimental_not_causal,False
6503,Sand,sentinel,2,0,454,-0.03602,48592,21,False,-0.050659,0.0067,0.3367,inseparable_lineup,False
6582,neT,controller,25,10,454,-0.085448,,56,False,-0.050525,-0.2098,-0.8393,experimental_not_causal,False
6642,Wildfire,controller,26,12,454,-0.008759,,56,False,-0.053131,0.2794,1.0746,experimental_not_causal,False
6659,Dragon,sentinel,9,4,1209,-0.010664,1209|5228|43125|43128,5,True,,,,inseparable_lineup,False
6668,SugarZ3ro,controller,13,4,454,-0.080984,1960|12990|25221|34776,57,False,-0.050659,-0.0942,-0.7243,inseparable_lineup,False
6672,Meiy,duelist,16,6,454,-0.062209,13002|21438|29841|29843,62,False,-0.050659,-0.0446,-0.2788,inseparable_lineup,False
6700,Anthem,initiator,5,2,424,-0.017104,2615|4664|34827|43064,0,True,,,,inseparable_lineup,False
6702,bazz,controller,3,1,424,-0.023753,10769|45962|51100|52723,0,True,,,,inseparable_lineup,False
6959,Flickless,controller,13,5,454,-0.039813,4181|5550|11332|34684,57,False,-0.050659,0.0336,0.2582,inseparable_lineup,False
7105,qpert,controller,12,2,454,-0.104449,573|5292|8376|28948,57,False,-0.050659,-0.143,-1.1921,inseparable_lineup,False
7231,kya,initiator,5,2,454,-0.010912,48705,45,False,-0.062101,0.0628,1.2559,inseparable_lineup,False
7378,Jinggg,duelist,63,41,454,0.146981,8504|9801|9803|17086,62,False,-0.050659,2.9835,4.7357,inseparable_lineup,False
7405,Jremy,duelist,7,4,424,0.028036,424|4122|7745|25915,0,True,,,,inseparable_lineup,False
7426,Juicy,unknown,10,7,454,0.060875,13768|14439|32183|46042,17,False,0.002901,0.1404,1.404,inseparable_lineup,False
7437,kellyS,initiator,12,3,454,-0.067191,2334|4056|4874,45,False,-0.062101,-0.0137,-0.1142,inseparable_lineup,False
7458,moose,controller,71,40,454,0.098247,3685|25745,56,False,-0.053131,2.5935,3.6528,inseparable_lineup,False
7530,kimmy,duelist,1,0,454,-0.020388,,62,False,-0.050659,0.0073,0.7289,small_sample,False
7603,Mazino,controller,15,7,454,0.01005,1818|4004|8480|21668,57,False,-0.050659,0.218,1.4535,inseparable_lineup,False
7660,Fizzy,controller,5,1,454,-0.054035,3127|4325|4629|57336,57,False,-0.050659,-0.0041,-0.082,inseparable_lineup,False
7716,penny,controller,7,3,454,0.005056,,57,False,-0.050659,0.0921,1.3156,small_sample,False
7745,Yoshiii,sentinel,7,4,424,0.028036,424|4122|7405|25915,0,True,,,,inseparable_lineup,False
7754,xavi8k,controller,30,14,454,0.02931,872|4428|5796|13744,57,False,-0.050659,0.5738,1.9126,inseparable_lineup,False
7849,SiuFatBB,initiator,12,2,454,-0.117509,6022|14125|19292|49973,45,False,-0.062101,-0.1516,-1.2637,inseparable_lineup,False
7857,BerLIN,controller,13,6,454,-0.024414,7987|19530|50025|55823,57,False,-0.050659,0.0851,0.6543,inseparable_lineup,False
7861,W1nner,unknown,11,5,454,-0.015718,10486,17,False,0.004583,-0.0548,-0.4977,inseparable_lineup,False
7871,Xeppaa,initiator,12,4,454,-0.05421,729|18796,45,False,-0.062101,0.0227,0.1889,inseparable_lineup,False
7873,leaf,controller,49,29,454,0.106935,2170|3885|3993|15500,57,False,-0.050659,1.8819,3.8406,inseparable_lineup,False
7987,KovaQ,initiator,13,6,454,-0.024414,7857|19530|50025|55823,45,False,-0.062101,0.1221,0.9394,inseparable_lineup,False
8041,Brave,duelist,24,12,454,0.027868,569|4589|10161|16459,61,False,-0.050659,0.4538,1.8907,inseparable_lineup,False
8082,zander,controller,84,53,454,0.140604,4927|29076|30556,56,False,-0.053131,3.7854,4.5065,inseparable_lineup,False
8225,f1cio,controller,8,4,1209,0.009509,1437|46463|48574|48575,5,True,,,,inseparable_lineup,False
8240,Layla,sentinel,3,1,454,-0.018619,14431|42513|56305,21,False,-0.050659,0.0238,0.7941,inseparable_lineup,False
8286,GLYPH,controller,26,12,454,-0.006132,565|10307|18400|23169,57,False,-0.050659,0.2829,1.088,inseparable_lineup,False
8369,yetujey,sentinel,38,20,454,0.050184,5568|12793|15735|39357,21,False,-0.050659,0.9426,2.4805,inseparable_lineup,False
8373,Okeanos,controller,9,1,454,-0.103026,619,57,False,-0.050659,-0.1057,-1.1748,inseparable_lineup,False
8375,bones,controller,16,8,454,-0.018286,,56,False,-0.053131,0.1355,0.8469,small_sample,False
8376,seven,duelist,12,2,454,-0.104449,573|5292|7105|28948,62,False,-0.050659,-0.143,-1.1921,inseparable_lineup,False
8405,Awkua,initiator,5,2,454,-0.048194,16029|29617|46277|48004,45,False,-0.062101,0.0168,0.3361,inseparable_lineup,False
8410,cuz,duelist,47,18,454,-0.066116,1089|13754|16757|30467,61,False,-0.050659,-0.1685,-0.3584,inseparable_lineup,False
8419,Reduxx,controller,12,6,454,-0.007954,1265|4581|5395,57,False,-0.050659,0.1243,1.0356,inseparable_lineup,False
8422,Spaz,controller,60,41,454,0.161359,,56,False,-0.053131,2.917,4.8617,experimental_not_causal,False
8434,nabil,sentinel,11,6,454,0.022676,,20,False,-0.052308,0.2,1.8186,small_sample,False
8447,Less,controller,16,9,454,0.03965,727|939|11921|41135,57,False,-0.050659,0.3549,2.2178,inseparable_lineup,False
8480,aspas,duelist,15,7,454,0.01005,1818|4004|7603|21668,62,False,-0.050659,0.218,1.4535,inseparable_lineup,False
8497,Monyet,duelist,21,11,454,0.001892,1430|4866|4871|24895,62,False,-0.050659,0.2679,1.2758,inseparable_lineup,False
8502,OLIZERA,controller,36,20,454,0.049624,251|1155|2653|16209,56,False,-0.053131,0.8967,2.4909,inseparable_lineup,False
8504,invy,initiator,63,41,454,0.146981,7378|9801|9803|17086,45,False,-0.062101,3.1587,5.0139,inseparable_lineup,False
8549,kiNgg,controller,49,31,454,0.128758,21251|21659|21661|29243,57,False,-0.050659,2.123,4.3326,inseparable_lineup,False
8706,havoc,duelist,34,20,8889,0.062653,1581|2567|25743|48981,25,False,-0.042545,0.866,2.5469,inseparable_lineup,False
8742,jakee,controller,67,35,454,0.070943,,56,False,-0.053131,2.0114,3.002,experimental_not_causal,False
8746,dynamic,sentinel,48,24,454,0.024785,46360|47852|47861,20,False,-0.052308,0.8942,1.863,inseparable_lineup,False
8808,pyrolll,controller,6,3,454,-0.009198,,57,False,-0.050659,0.0565,0.9417,small_sample,False
8872,mazin,initiator,32,21,8889,0.108415,2408|3455|13093|15681,15,False,-0.038767,1.1257,3.518,inseparable_lineup,False
8873,dgzin,duelist,12,2,454,-0.114706,826|34400,62,False,-0.050659,-0.1763,-1.4692,inseparable_lineup,False
8889,ryotzz,initiator,2,2,8889,0.029139,,16,False,-0.036878,0.0276,1.3817,small_sample,False
8892,snw,duelist,18,9,8889,0.00246,783|1671|3169|32717,25,False,-0.042545,0.1971,1.095,inseparable_lineup,False
8896,Loweed,duelist,25,10,8889,-0.042545,1578|2486|5342|56935,25,False,-0.03499,-0.0451,-0.1804,inseparable_lineup,False
9017,moobs,sentinel,55,26,454,-0.009511,,20,False,-0.052308,0.5608,1.0196,experimental_not_causal,False
9063,infiltrator,duelist,24,12,454,-0.004404,,61,False,-0.050659,0.2662,1.1092,experimental_not_causal,False
9185,dodonut,duelist,18,4,454,-0.14652,17397|21486,61,False,-0.050659,-0.4007,-2.226,inseparable_lineup,False
9196,t3xture,duelist,13,4,454,-0.05043,773|34974,62,False,-0.050659,0.0007,0.0053,inseparable_lineup,False
9263,sayoo,initiator,5,1,1209,-0.051035,3626|3627|26376|26829,5,True,,,,inseparable_lineup,False
9266,Tisora,duelist,22,13,8889,0.056743,3424|6202|13823|20238,25,False,-0.042545,0.5238,2.381,inseparable_lineup,False
9554,kaajak,duelist,17,11,454,0.077464,4|438|9810,62,False,-0.050659,0.5247,3.0866,inseparable_lineup,False
9558,Wolfen,sentinel,11,4,454,-0.050659,11|4329|35513,20,False,-0.036894,-0.0366,-0.3329,inseparable_lineup,False
9698,MonOkson,controller,7,2,454,-0.048567,23056|29340|53324,57,False,-0.050659,0.0034,0.0487,inseparable_lineup,False
9780,Jamppi,initiator,38,22,454,0.076215,458|5022|5554|33902,45,False,-0.062101,1.2807,3.3703,inseparable_lineup,False
9800,mindfreak,unknown,4,4,454,0.070154,63493,18,False,0.003321,0.061,1.5253,inseparable_lineup,False
9801,f0rsakeN,controller,63,41,454,0.146981,7378|8504|9803|17086,57,False,-0.050659,2.9835,4.7357,inseparable_lineup,False
9803,d4v41,sentinel,63,41,454,0.146981,7378|8504|9801|17086,21,False,-0.050659,2.9835,4.7357,inseparable_lineup,False
9810,Alfajer,sentinel,17,11,454,0.077464,4|438|9554,21,False,-0.050659,0.5247,3.0866,inseparable_lineup,False
10053,FireBallOps,sentinel,35,16,454,-0.057254,36036,20,False,-0.035245,-0.1863,-0.5323,inseparable_lineup,False
10146,reazy,controller,41,28,454,0.148796,5564|18615|55694|58496,56,False,-0.053131,1.9511,4.7587,inseparable_lineup,False
10160,Izzy,duelist,23,15,454,0.085872,12670|40843|41720|49346,62,False,-0.050659,0.7536,3.2764,inseparable_lineup,False
10161,QutionerX,duelist,24,12,454,0.027868,569|4589|8041|16459,61,False,-0.050659,0.4538,1.8907,inseparable_lineup,False
10307,marteen,duelist,26,12,454,-0.006132,565|8286|18400|23169,62,False,-0.050659,0.2829,1.088,inseparable_lineup,False
10338,Lime,duelist,33,24,454,0.176602,2173|3674|55681,61,False,-0.050659,1.7593,5.3311,inseparable_lineup,False
10486,YHchen,unknown,11,5,454,-0.015718,7861,17,False,0.004583,-0.0548,-0.4977,inseparable_lineup,False
10557,Darker,controller,15,6,454,-0.023675,3983|6193|28716,57,False,-0.050659,0.0969,0.6462,inseparable_lineup,False
10584,Seoldam,duelist,3,1,424,-0.024188,4663|5476|37393|48577,0,True,,,,inseparable_lineup,False
10628,Misaya,initiator,7,5,424,0.056864,28401|29840|33576|48431,0,True,,,,inseparable_lineup,False
10698,nephh,controller,13,6,454,-0.022667,4774|4885|48878|62947,57,False,-0.050659,0.0907,0.6974,inseparable_lineup,False
10769,NOBITA,initiator,3,1,424,-0.023753,6702|45962|51100|52723,0,True,,,,inseparable_lineup,False
10821,deLb,controller,19,8,454,-0.045759,5011|36415|37494|54487,57,False,-0.050659,0.0227,0.1193,inseparable_lineup,False
10885,DaviH,initiator,6,3,454,0.021292,,45,False,-0.062101,0.1198,1.9971,small_sample,False
10971,RieNs,initiator,37,21,454,0.066061,1144|21328|29873,45,False,-0.062101,1.1626,3.1421,inseparable_lineup,False
11118,skuba,controller,49,28,454,0.086502,2172|5132|11225|11494,57,False,-0.050659,1.6308,3.3281,inseparable_lineup,False
11134,Kicks,initiator,11,6,454,-0.001551,,44,False,-0.062624,0.1629,1.4812,small_sample,False
11218,Yuicaw,duelist,21,9,454,-0.030915,3519|12365|16924|49476,62,False,-0.050659,0.1019,0.4851,inseparable_lineup,False
11225,Ethan,initiator,49,28,454,0.086502,2172|5132|11118|11494,45,False,-0.062101,1.7671,3.6062,inseparable_lineup,False
11232,daiki,initiator,17,1,8889,-0.188287,12143|14386|15297|21435,15,False,-0.0201,-0.579,-3.4062,inseparable_lineup,False
11322,Sevire,initiator,31,17,454,0.058229,301|2625|5004|20871,44,False,-0.062624,0.9077,2.9281,inseparable_lineup,False
11332,ara,duelist,13,5,454,-0.039813,4181|5550|6959|34684,62,False,-0.050659,0.0336,0.2582,inseparable_lineup,False
11494,keiko,controller,49,28,454,0.086502,2172|5132|11118|11225,57,False,-0.050659,1.6308,3.3281,inseparable_lineup,False
11524,Nicc,initiator,34,16,454,-0.012199,3028|3741|4705|31753,45,False,-0.062101,0.4123,1.2127,inseparable_lineup,False
11527,NoMan,duelist,51,28,454,0.048684,22047|24308|37489|37927,62,False,-0.050659,1.2285,2.4088,inseparable_lineup,False
11600,Foxy9,controller,2,0,454,-0.041182,,57,False,-0.050659,0.0046,0.2294,small_sample,False
11696,Zoestol,controller,14,4,454,-0.082741,37704,56,False,-0.050525,-0.106,-0.7571,inseparable_lineup,False
11705,Zeno,unknown,7,1,454,-0.081168,14441|14458|56248|58958,18,False,0.003321,-0.1392,-1.9883,inseparable_lineup,False
11843,Yoyo,unknown,6,6,454,0.106245,4666|4711,18,False,0.003321,0.1425,2.3758,inseparable_lineup,False
11921,silentzz,sentinel,16,9,454,0.03965,727|939|8447|41135,21,False,-0.050659,0.3549,2.2178,inseparable_lineup,False
12143,Bizerra,initiator,17,1,8889,-0.188287,11232|14386|15297|21435,15,False,-0.0201,-0.579,-3.4062,inseparable_lineup,False
12365,coconut,initiator,21,9,454,-0.030915,3519|11218|16924|49476,45,False,-0.062101,0.1608,0.7658,inseparable_lineup,False
12670,nekky,initiator,23,15,454,0.085872,10160|40843|41720|49346,45,False,-0.062101,0.8172,3.553,inseparable_lineup,False
12673,Bard0lf,duelist,11,2,454,-0.107538,4614|40665|40667,61,False,-0.050659,-0.1422,-1.2927,inseparable_lineup,False
12793,xeus,duelist,38,20,454,0.050184,5568|8369|15735|39357,62,False,-0.050659,0.9426,2.4805,inseparable_lineup,False
12795,Crewen,sentinel,22,8,454,-0.045247,5565|24344|31305|40935,21,False,-0.050659,0.0279,0.1268,inseparable_lineup,False
12928,Veqaj,controller,7,6,454,0.103012,,57,False,-0.050659,0.2559,3.6564,small_sample,False
12932,geeza,sentinel,67,33,454,0.055133,766|2119|25902,20,False,-0.052308,1.7457,2.6056,inseparable_lineup,False
12990,SyouTa,controller,13,4,454,-0.080984,1960|6668|25221|34776,57,False,-0.050659,-0.0942,-0.7243,inseparable_lineup,False
13002,Akame,duelist,16,6,454,-0.062209,6672|21438|29841|29843,62,False,-0.050659,-0.0446,-0.2788,inseparable_lineup,False
13039,Meteor,controller,25,15,454,0.061589,485|804|2489|29833,57,False,-0.050659,0.6738,2.6951,inseparable_lineup,False
13093,jzz,sentinel,32,21,8889,0.108415,2408|3455|8872|15681,11,False,-0.038767,1.1257,3.518,inseparable_lineup,False
13258,CyvOph,duelist,7,3,454,-0.031651,,62,False,-0.050659,0.0326,0.4664,small_sample,False
13744,PatMen,controller,30,14,454,0.02931,872|4428|5796|7754,57,False,-0.050659,0.5738,1.9126,inseparable_lineup,False
13754,Kouf,sentinel,47,18,454,-0.066116,1089|8410|16757|30467,20,False,-0.035245,-0.3369,-0.7168,inseparable_lineup,False
13768,S1Mon,unknown,10,7,454,0.060875,7426|14439|32183|46042,17,False,0.002901,0.1404,1.404,inseparable_lineup,False
13784,Killua,initiator,26,15,454,0.051591,3977|13788|25255|27254,45,False,-0.062101,0.7147,2.7487,inseparable_lineup,False
13788,JitBoyS,duelist,26,15,454,0.051591,3977|13784|25255|27254,62,False,-0.050659,0.6426,2.4716,inseparable_lineup,False
13823,PxS,duelist,22,13,8889,0.056743,3424|6202|9266|20238,25,False,-0.042545,0.5238,2.381,inseparable_lineup,False
14048,zerona,initiator,47,25,454,0.091677,2164,44,False,-0.062624,1.7527,3.7292,inseparable_lineup,False
14125,Spring,controller,12,2,454,-0.117509,6022|7849|19292|49973,57,False,-0.050659,-0.1832,-1.5269,inseparable_lineup,False
14254,gin,unknown,7,2,454,-0.051993,,18,False,0.003321,-0.0921,-1.3151,small_sample,False
14386,isaa,controller,17,1,8889,-0.188287,11232|12143|15297|21435,16,False,-0.036878,-0.5196,-3.0567,inseparable_lineup,False
14431,monk,controller,3,1,454,-0.018619,8240|42513|56305,57,False,-0.050659,0.0238,0.7941,inseparable_lineup,False
14439,FFs,unknown,10,7,454,0.060875,7426|13768|32183|46042,17,False,0.002901,0.1404,1.404,inseparable_lineup,False
14441,aluba,unknown,7,1,454,-0.081168,11705|14458|56248|58958,18,False,0.003321,-0.1392,-1.9883,inseparable_lineup,False
14444,Eren,unknown,14,6,454,-0.034338,,17,False,0.004583,-0.134,-0.9572,small_sample,False
14458,barricade,unknown,7,1,454,-0.081168,11705|14441|56248|58958,18,False,0.003321,-0.1392,-1.9883,inseparable_lineup,False
14681,kamo,duelist,23,12,454,0.022875,457|1885|18350|24628,62,False,-0.050659,0.4158,1.8077,inseparable_lineup,False
14950,gobera,duelist,25,16,8889,0.091281,651|1575|20240|27149,25,False,-0.042545,0.8002,3.2006,inseparable_lineup,False
15051,sacred,controller,53,24,454,0.002821,,56,False,-0.053131,0.6993,1.3195,experimental_not_causal,False
15064,Kajuks,controller,20,5,454,-0.101057,292|5199|33731|40004,56,False,-0.050525,-0.2233,-1.1167,inseparable_lineup,False
15297,Joojina,controller,17,1,8889,-0.188287,11232|12143|14386|21435,16,False,-0.036878,-0.5196,-3.0567,inseparable_lineup,False
15395,gbz,duelist,18,9,8889,-0.005211,662|6195|22912|40858,25,False,-0.042545,0.158,0.8777,inseparable_lineup,False
15500,trent,initiator,49,29,454,0.106935,2170|3885|3993|7873,45,False,-0.062101,2.019,4.1204,inseparable_lineup,False
15559,CHICHOO,controller,43,25,454,0.055062,3017|3520|4742,57,False,-0.050659,1.0969,2.5508,inseparable_lineup,False
15639,chloric,initiator,37,17,454,-0.031102,,44,False,-0.062624,0.2869,0.7755,experimental_not_causal,False
15681,Palla,duelist,32,21,8889,0.108415,2408|3455|8872|13093,25,False,-0.042545,1.1549,3.6091,inseparable_lineup,False
15735,KROSTALY,initiator,38,20,454,0.050184,5568|8369|12793|39357,45,False,-0.062101,1.0493,2.7613,inseparable_lineup,False
15969,Yuta,sentinel,7,2,454,-0.061344,126|1524|2690|58290,21,False,-0.050659,-0.0183,-0.2616,inseparable_lineup,False
16028,Klamran,sentinel,5,2,454,-0.033735,26398|33274|34624,21,False,-0.050659,0.0211,0.4213,inseparable_lineup,False
16029,KHS,initiator,5,2,454,-0.048194,8405|29617|46277|48004,45,False,-0.062101,0.0168,0.3361,inseparable_lineup,False
16209,Famsii,duelist,36,20,454,0.049624,251|1155|2653|8502,61,False,-0.050659,0.8751,2.431,inseparable_lineup,False
16215,dos9,controller,13,3,454,-0.086104,2858|5654|20144|36245,57,False,-0.050659,-0.1063,-0.8179,inseparable_lineup,False
16459,Elite,sentinel,24,12,454,0.027868,569|4589|8041|10161,20,False,-0.052308,0.4633,1.9303,inseparable_lineup,False
16671,welyy,initiator,64,36,454,0.097688,39239|41550,44,False,-0.062624,2.4668,3.8544,inseparable_lineup,False
16757,Cohburg,initiator,47,18,454,-0.066116,1089|8410|13754|30467,44,False,-0.058691,-0.0809,-0.1721,inseparable_lineup,False
16924,stew,controller,21,9,454,-0.030915,3519|11218|12365|49476,57,False,-0.050659,0.1019,0.4851,inseparable_lineup,False
17049,Hermes,sentinel,2,0,454,-0.047734,,21,False,-0.050659,0.0015,0.073,small_sample,False
17086,something,duelist,63,41,454,0.146981,7378|8504|9801|9803,62,False,-0.050659,2.9835,4.7357,inseparable_lineup,False
17397,Noia,controller,18,4,454,-0.14652,9185|21486,56,False,-0.050525,-0.4012,-2.2292,inseparable_lineup,False
17433,v1c,controller,27,11,454,-0.042513,,56,False,-0.053131,0.0686,0.2541,experimental_not_causal,False
17751,Tim,controller,51,18,454,-0.131509,893,56,False,-0.050525,-0.9646,-1.8914,inseparable_lineup,False
17770,alvinboy,sentinel,66,46,454,0.23886,24553,20,False,-0.052308,4.4114,6.684,inseparable_lineup,False
17976,florescent,duelist,8,3,454,-0.044396,,62,False,-0.050659,0.0124,0.155,small_sample,False
17977,lidyuh,controller,4,0,454,-0.078164,,57,False,-0.050659,-0.0254,-0.6361,small_sample,False
18162,Serial,sentinel,30,17,454,0.063781,1281|24424|33358,20,False,-0.052308,0.836,2.7865,inseparable_lineup,False
18350,MiniBoo,duelist,23,12,454,0.022875,457|1885|14681|24628,62,False,-0.050659,0.4158,1.8077,inseparable_lineup,False
18400,bipo,duelist,26,12,454,-0.006132,565|8286|10307|23169,62,False,-0.050659,0.2829,1.088,inseparable_lineup,False
18615,batujnax,initiator,41,28,454,0.148796,5564|10146|55694|58496,44,False,-0.062624,2.0442,4.9859,inseparable_lineup,False
18677,Ruxic,controller,13,6,454,-0.008265,4544|29867,57,False,-0.050659,0.1361,1.0466,inseparable_lineup,False
18796,OXY,duelist,12,4,454,-0.05421,729|7871,62,False,-0.050659,-0.0102,-0.0851,inseparable_lineup,False
19292,jowa,controller,12,2,454,-0.117509,6022|7849|14125|49973,57,False,-0.050659,-0.1832,-1.5269,inseparable_lineup,False
19526,rexxtoned,controller,19,10,454,-0.00507,3839|39682,56,False,-0.053131,0.2225,1.1713,inseparable_lineup,False
19530,AAAAY,controller,13,6,454,-0.024414,7857|7987|50025|55823,57,False,-0.050659,0.0851,0.6543,inseparable_lineup,False
19531,QiuYe,initiator,3,2,454,0.020154,3547|36668|47102,45,False,-0.062101,0.0616,2.0521,inseparable_lineup,False
19677,lucas,initiator,19,7,454,-0.063829,4720|4881|42235|47629,45,False,-0.062101,-0.008,-0.0423,inseparable_lineup,False
20140,vora,initiator,21,11,454,0.025294,601|3880|4147|29893,45,False,-0.062101,0.4481,2.134,inseparable_lineup,False
20144,LewN,duelist,13,3,454,-0.086104,2858|5654|16215|36245,62,False,-0.050659,-0.1063,-0.8179,inseparable_lineup,False
20238,Askia,controller,22,13,8889,0.056743,3424|6202|9266|13823,16,False,-0.053303,0.5807,2.6394,inseparable_lineup,False
20240,xenom,controller,25,16,8889,0.091281,651|1575|14950|27149,16,False,-0.053303,0.8648,3.4593,inseparable_lineup,False
20871,Kada,initiator,31,17,454,0.058229,301|2625|5004|11322,44,False,-0.062624,0.9077,2.9281,inseparable_lineup,False
20957,stunna,duelist,42,23,454,0.065105,,61,False,-0.050659,1.1807,2.8113,experimental_not_causal,False
20959,toozy,controller,35,16,454,-0.034568,,56,False,-0.053131,0.1539,0.4397,experimental_not_causal,False
21216,f4ngeer,duelist,34,16,454,-0.010332,25494|46748|58959,62,False,-0.050659,0.3345,0.9839,inseparable_lineup,False
21251,blowz,initiator,49,31,454,0.128758,8549|21659|21661|29243,45,False,-0.062101,2.2596,4.6114,inseparable_lineup,False
21328,Wo0t,duelist,37,21,454,0.066061,1144|10971|29873,62,False,-0.050659,1.0587,2.8612,inseparable_lineup,False
21435,Jelly,duelist,17,1,8889,-0.188287,11232|12143|14386|15297,25,False,-0.03499,-0.5263,-3.0959,inseparable_lineup,False
21438,SSeeS,controller,16,6,454,-0.062209,6672|13002|29841|29843,57,False,-0.050659,-0.0446,-0.2788,inseparable_lineup,False
21486,sarahcat,initiator,18,4,454,-0.14652,9185|17397,44,False,-0.058691,-0.3668,-2.038,inseparable_lineup,False
21610,runneR,duelist,39,20,454,0.025197,321|1369|1475,61,False,-0.050659,0.6987,1.7916,inseparable_lineup,False
21659,Sato,duelist,49,31,454,0.128758,8549|21251|21661|29243,62,False,-0.050659,2.123,4.3326,inseparable_lineup,False
21661,spike,duelist,49,31,454,0.128758,8549|21251|21659|29243,62,False,-0.050659,2.123,4.3326,inseparable_lineup,False
21668,Verno,initiator,15,7,454,0.01005,1818|4004|7603|8480,45,False,-0.062101,0.259,1.7264,inseparable_lineup,False
21778,P0PPIN,initiator,12,5,454,-0.019191,1129|2462|26171|35302,45,False,-0.062101,0.1236,1.0296,inseparable_lineup,False
21878,snarly,initiator,13,4,454,-0.062101,36046,44,False,-0.059214,-0.0088,-0.0679,inseparable_lineup,False
21886,furbsa,duelist,18,9,454,-0.011805,,61,False,-0.050659,0.1702,0.9458,small_sample,False
21887,stallion,controller,53,29,454,0.097885,,56,False,-0.053131,1.943,3.666,experimental_not_causal,False
22047,Rarga,duelist,51,28,454,0.048684,11527|24308|37489|37927,62,False,-0.050659,1.2285,2.4088,inseparable_lineup,False
22912,PKX,sentinel,18,9,8889,-0.005211,662|6195|15395|40858,11,False,-0.038767,0.142,0.7889,inseparable_lineup,False
22914,HiiiK,controller,20,5,8889,-0.140588,25683|48964,16,False,-0.036878,-0.4837,-2.4185,inseparable_lineup,False
22964,forbanz,duelist,20,12,8889,0.062537,1566|5351|6238|25858,25,False,-0.042545,0.5028,2.5142,inseparable_lineup,False
23010,nicksz,controller,20,8,8889,-0.03499,1586|37098|41225,16,False,-0.053303,0.0863,0.4315,inseparable_lineup,False
23056,Loop,initiator,7,2,454,-0.048567,9698|29340|53324,45,False,-0.062101,0.022,0.3149,inseparable_lineup,False
23062,Surf,sentinel,12,8,1209,0.05219,2366|41694|41702|48516,4,True,,,,inseparable_lineup,False
23169,Minny,sentinel,26,12,454,-0.006132,565|8286|10307|18400,21,False,-0.050659,0.2829,1.088,inseparable_lineup,False
23365,koshmaras,duelist,34,20,454,0.097469,,62,False,-0.050659,1.2331,3.6268,experimental_not_causal,False
23407,Pa1nt,duelist,62,32,454,-0.027747,,61,False,-0.050659,0.3407,0.5494,experimental_not_causal,False
23799,caiobaz,initiator,8,2,8889,-0.038018,,16,False,-0.036878,-0.002,-0.0255,small_sample,False
23930,Potter,unknown,6,3,454,0.002589,49612,18,False,0.003321,-0.0011,-0.0182,inseparable_lineup,False
24228,Smoke,duelist,84,55,454,0.285189,,61,False,-0.050659,6.6832,7.9562,experimental_not_causal,False
24232,ghost,controller,3,0,454,-0.059645,30733|44085|53353|63180,57,False,-0.050659,-0.0065,-0.2154,inseparable_lineup,False
24305,XyuS,unknown,14,7,454,0.002901,4763,17,False,0.004583,-0.0058,-0.0413,inseparable_lineup,False
24308,WsLeo,initiator,51,28,454,0.048684,11527|22047|37489|37927,45,False,-0.062101,1.3702,2.6866,inseparable_lineup,False
24344,Loita,controller,22,8,454,-0.045247,5565|12795|31305|40935,57,False,-0.050659,0.0279,0.1268,inseparable_lineup,False
24424,Pa1ze,duelist,30,17,454,0.063781,1281|18162|33358,61,False,-0.050659,0.8241,2.7469,inseparable_lineup,False
24439,Yohpa,initiator,8,4,454,-0.003518,,45,False,-0.062101,0.115,1.438,small_sample,False
24553,Boni,duelist,66,46,454,0.23886,17770,61,False,-0.050659,4.386,6.6454,inseparable_lineup,False
24628,wayne,controller,23,12,454,0.022875,457|1885|14681|18350,57,False,-0.050659,0.4158,1.8077,inseparable_lineup,False
24895,Jemkin,duelist,21,11,454,0.001892,1430|4866|4871|8497,62,False,-0.050659,0.2679,1.2758,inseparable_lineup,False
24950,squirmor,initiator,1,0,454,-0.017272,,45,False,-0.062101,0.0101,1.0065,small_sample,False
25017,Ash,duelist,11,4,454,-0.009248,,62,False,-0.050659,0.1034,0.9404,small_sample,False
25048,SID,duelist,5,2,424,-0.019855,1971|2671|34727|47481,0,True,,,,inseparable_lineup,False
25221,Xdll,initiator,13,4,454,-0.080984,1960|6668|12990|34776,45,False,-0.062101,-0.0586,-0.4507,inseparable_lineup,False
25255,primmie,duelist,26,15,454,0.051591,3977|13784|13788|27254,62,False,-0.050659,0.6426,2.4716,inseparable_lineup,False
25494,Shr1mp,initiator,34,16,454,-0.010332,21216|46748|58959,45,False,-0.062101,0.4293,1.2626,inseparable_lineup,False
25683,desire,duelist,20,5,8889,-0.140588,22914|48964,25,False,-0.03499,-0.4926,-2.4629,inseparable_lineup,False
25743,raafa,initiator,34,20,8889,0.062653,1581|2567|8706|48981,15,False,-0.038767,0.8348,2.4552,inseparable_lineup,False
25745,kumi,duelist,71,40,454,0.098247,3685|7458,61,False,-0.050659,2.5511,3.593,inseparable_lineup,False
25858,sw,sentinel,20,12,8889,0.062537,1566|5351|6238|22964,11,False,-0.038767,0.4847,2.4237,inseparable_lineup,False
25902,Shondex,controller,67,33,454,0.055133,766|2119|12932,56,False,-0.053131,1.7591,2.6255,inseparable_lineup,False
25915,BRIAN,initiator,7,4,424,0.028036,424|4122|7405|7745,0,True,,,,inseparable_lineup,False
25949,bunt,duelist,2,0,454,-0.036092,6024|47101|66119|66120,62,False,-0.050659,0.0067,0.3353,inseparable_lineup,False
26171,Demon1,sentinel,12,5,454,-0.019191,1129|2462|21778|35302,21,False,-0.050659,0.0907,0.7555,inseparable_lineup,False
26376,deecee,sentinel,5,1,1209,-0.051035,3626|3627|9263|26829,5,True,,,,inseparable_lineup,False
26398,indra,initiator,5,2,454,-0.033735,16028|33274|34624,45,False,-0.062101,0.0353,0.7063,inseparable_lineup,False
26565,jas0n,duelist,2,0,454,-0.032747,,62,False,-0.050659,0.0079,0.3933,small_sample,False
26569,Slammed,controller,39,18,454,-0.05048,,56,False,-0.053131,0.0244,0.0627,experimental_not_causal,False
26829,damaraa,duelist,5,1,1209,-0.051035,3626|3627|9263|26376,5,True,,,,inseparable_lineup,False
26848,zeek,initiator,39,21,454,0.095809,,44,False,-0.062624,1.4796,3.7939,experimental_not_causal,False
27149,Brinks,controller,25,16,8889,0.091281,651|1575|14950|20240,16,False,-0.053303,0.8648,3.4593,inseparable_lineup,False
27254,Leviathan,controller,26,15,454,0.051591,3977|13784|13788|25255,57,False,-0.050659,0.6426,2.4716,inseparable_lineup,False
28024,Thander,duelist,2,0,454,-0.043514,,62,False,-0.050659,0.0035,0.1755,small_sample,False
28114,devy,initiator,21,10,454,-0.005095,,44,False,-0.062624,0.2956,1.4075,experimental_not_causal,False
28400,HYUNMIN,duelist,20,11,454,0.053747,1916|4462|4678,62,False,-0.050659,0.5032,2.5161,inseparable_lineup,False
28401,Pkm,duelist,7,5,424,0.056864,10628|29840|33576|48431,0,True,,,,inseparable_lineup,False
28716,lukxo,controller,15,6,454,-0.023675,3983|6193|10557,57,False,-0.050659,0.0969,0.6462,inseparable_lineup,False
28870,k0rupt,initiator,43,16,454,-0.071014,,44,False,-0.058691,-0.1228,-0.2856,experimental_not_causal,False
28879,299,duelist,30,10,454,-0.093677,,61,False,-0.050659,-0.3027,-1.0089,experimental_not_causal,False
28892,Muddy,duelist,53,23,454,-0.008464,,61,False,-0.050659,0.531,1.0019,experimental_not_causal,False
28948,NINJA,initiator,12,2,454,-0.104449,573|5292|7105|8376,45,False,-0.062101,-0.1124,-0.9369,inseparable_lineup,False
29074,sonofcar,duelist,55,28,454,0.025525,,61,False,-0.050659,1.0099,1.8363,experimental_not_causal,False
29076,satellite,duelist,84,53,454,0.140604,4927|8082|30556,61,False,-0.050659,3.7366,4.4483,inseparable_lineup,False
29242,erde,controller,8,4,454,0.028127,,57,False,-0.050659,0.1494,1.868,small_sample,False
29243,Neon,sentinel,49,31,454,0.128758,8549|21251|21659|21661,21,False,-0.050659,2.123,4.3326,inseparable_lineup,False
29340,cunhaa,controller,7,2,454,-0.048567,9698|23056|53324,57,False,-0.050659,0.0034,0.0487,inseparable_lineup,False
29547,ion,duelist,41,23,454,0.05812,,61,False,-0.050659,1.051,2.5635,experimental_not_causal,False
29559,Javelin,initiator,28,16,454,0.080518,42454|42651,44,False,-0.062624,0.9682,3.458,inseparable_lineup,False
29617,chillin,sentinel,5,2,454,-0.048194,8405|16029|46277|48004,21,False,-0.050659,0.003,0.0595,inseparable_lineup,False
29688,mikeE,initiator,47,22,454,0.033569,,44,False,-0.062624,1.0814,2.3009,experimental_not_causal,False
29691,dhawk,duelist,9,1,454,-0.121649,49608|53833,62,False,-0.050659,-0.1487,-1.6521,inseparable_lineup,False
29833,iZu,sentinel,25,15,454,0.061589,485|804|2489|13039,21,False,-0.050659,0.6738,2.6951,inseparable_lineup,False
29840,yuran,duelist,7,5,424,0.056864,10628|28401|33576|48431,0,True,,,,inseparable_lineup,False
29841,Caedye,sentinel,16,6,454,-0.062209,6672|13002|21438|29843,21,False,-0.050659,-0.0446,-0.2788,inseparable_lineup,False
29843,yatsuka,initiator,16,6,454,-0.062209,6672|13002|21438|29841,45,False,-0.062101,-0.0004,-0.0026,inseparable_lineup,False
29867,hiro,controller,13,6,454,-0.008265,4544|18677,57,False,-0.050659,0.1361,1.0466,inseparable_lineup,False
29873,benjyfishy,sentinel,37,21,454,0.066061,1144|10971|21328,21,False,-0.050659,1.0587,2.8612,inseparable_lineup,False
29893,Timotino,duelist,21,11,454,0.025294,601|3880|4147|20140,62,False,-0.050659,0.3895,1.8549,inseparable_lineup,False
30467,Zamal,duelist,47,18,454,-0.066116,1089|8410|13754|16757,61,False,-0.050659,-0.1685,-0.3584,inseparable_lineup,False
30470,Kyu,initiator,44,34,454,0.231643,4828,44,False,-0.062624,2.8823,6.5508,inseparable_lineup,False
30556,exa,controller,84,53,454,0.140604,4927|8082|29076,56,False,-0.053131,3.7854,4.5065,inseparable_lineup,False
30733,Tootsie,controller,3,0,454,-0.059645,24232|44085|53353|63180,57,False,-0.050659,-0.0065,-0.2154,inseparable_lineup,False
30743,Fair,duelist,36,13,454,-0.106287,,61,False,-0.050659,-0.4675,-1.2986,experimental_not_causal,False
31059,Bishepss,controller,26,9,454,-0.064195,1427|47523|57920|58522,56,False,-0.050525,-0.0833,-0.3205,inseparable_lineup,False
31305,Lar0k,duelist,22,8,454,-0.045247,5565|12795|24344|40935,62,False,-0.050659,0.0279,0.1268,inseparable_lineup,False
31753,SpiritZ1,duelist,34,16,454,-0.012199,3028|3741|4705|11524,62,False,-0.050659,0.3179,0.935,inseparable_lineup,False
31827,Dambi,duelist,27,17,454,0.103605,488|31828|31829|42772,62,False,-0.050659,1.0088,3.7362,inseparable_lineup,False
31828,Francis,duelist,27,17,454,0.103605,488|31827|31829|42772,62,False,-0.050659,1.0088,3.7362,inseparable_lineup,False
31829,Ivy,controller,27,17,454,0.103605,488|31827|31828|42772,57,False,-0.050659,1.0088,3.7362,inseparable_lineup,False
31910,Scottie,controller,40,21,454,0.032998,,56,False,-0.053131,0.8203,2.0508,experimental_not_causal,False
32183,Dannyy,unknown,10,7,454,0.060875,7426|13768|14439|46042,17,False,0.002901,0.1404,1.404,inseparable_lineup,False
32654,atlas,duelist,45,18,454,-0.088331,,61,False,-0.050659,-0.4105,-0.9122,experimental_not_causal,False
32675,Kring,initiator,17,10,8889,0.044432,32801|32802|42879|47551,15,False,-0.038767,0.3422,2.0129,inseparable_lineup,False
32717,maestr0,controller,18,9,8889,0.00246,783|1671|3169|8892,16,False,-0.053303,0.2442,1.3567,inseparable_lineup,False
32725,lilo,duelist,16,3,8889,-0.170307,,25,False,-0.03499,-0.5073,-3.1705,small_sample,False
32745,frozeN,duelist,21,8,8889,-0.085579,37095|44309|46568,25,False,-0.03499,-0.2513,-1.1967,inseparable_lineup,False
32801,turkish,sentinel,17,10,8889,0.044432,32675|32802|42879|47551,11,False,-0.038767,0.3422,2.0129,inseparable_lineup,False
32802,Luid,duelist,17,10,8889,0.044432,32675|32801|42879|47551,25,False,-0.042545,0.3578,2.1045,inseparable_lineup,False
33121,Stwz1,initiator,23,14,8889,0.06868,37091|40859|45864,15,False,-0.038767,0.5926,2.5766,inseparable_lineup,False
33274,Psych,duelist,5,2,454,-0.033735,16028|26398|34624,62,False,-0.050659,0.0211,0.4213,inseparable_lineup,False
33358,shinnok,duelist,30,17,454,0.063781,1281|18162|24424,61,False,-0.050659,0.8241,2.7469,inseparable_lineup,False
33576,margaret,sentinel,7,5,424,0.056864,10628|28401|29840|48431,0,True,,,,inseparable_lineup,False
33731,stonezy,sentinel,20,5,454,-0.101057,292|5199|15064|40004,20,False,-0.035245,-0.2914,-1.4572,inseparable_lineup,False
33902,Sayonara,duelist,38,22,454,0.076215,458|5022|5554|9780,62,False,-0.050659,1.1746,3.0909,inseparable_lineup,False
34057,Jerrwin,duelist,34,22,454,0.167908,,61,False,-0.050659,1.8117,5.3286,experimental_not_causal,False
34181,GREEN,controller,10,2,454,-0.097662,41054|43007|45492|46460,57,False,-0.050659,-0.1097,-1.0974,inseparable_lineup,False
34400,bao,sentinel,12,2,454,-0.114706,826|8873,21,False,-0.050659,-0.1763,-1.4692,inseparable_lineup,False
34624,iansn,initiator,5,2,454,-0.033735,16028|26398|33274,45,False,-0.062101,0.0353,0.7063,inseparable_lineup,False
34684,westside,duelist,13,5,454,-0.039813,4181|5550|6959|11332,62,False,-0.050659,0.0336,0.2582,inseparable_lineup,False
34727,kAyle,controller,5,2,424,-0.019855,1971|2671|25048|47481,0,True,,,,inseparable_lineup,False
34776,Absol,duelist,13,4,454,-0.080984,1960|6668|12990|25221,62,False,-0.050659,-0.0942,-0.7243,inseparable_lineup,False
34827,Hals,duelist,5,2,424,-0.017104,2615|4664|6700|43064,0,True,,,,inseparable_lineup,False
34926,oonzmlp,sentinel,12,2,454,-0.123365,2149|4426|37532|42733,21,False,-0.050659,-0.2017,-1.6807,inseparable_lineup,False
34974,Karon,sentinel,13,4,454,-0.05043,773|9196,21,False,-0.050659,0.0007,0.0053,inseparable_lineup,False
35302,Eggsterr,controller,12,5,454,-0.019191,1129|2462|21778|26171,57,False,-0.050659,0.0907,0.7555,inseparable_lineup,False
35377,beeb,initiator,10,6,454,0.035957,,44,False,-0.062624,0.241,2.4104,small_sample,False
35513,samed,duelist,11,4,454,-0.050659,11|4329|9558,61,False,-0.050659,0.0,0.0,inseparable_lineup,False
36036,practo,initiator,35,16,454,-0.057254,10053,44,False,-0.062624,0.0455,0.1299,inseparable_lineup,False
36046,p0seidon,controller,13,4,454,-0.062101,21878,56,False,-0.050525,-0.0354,-0.2726,inseparable_lineup,False
36070,Zimo,controller,10,4,454,-0.034411,5599,56,False,-0.053131,0.0461,0.4608,inseparable_lineup,False
36106,skz,initiator,8,3,8889,-0.029385,,16,False,-0.036878,0.0148,0.1849,small_sample,False
36245,N4RRATE,initiator,13,3,454,-0.086104,2858|5654|16215|20144,45,False,-0.062101,-0.0719,-0.553,inseparable_lineup,False
36415,Viva,initiator,19,8,454,-0.045759,5011|10821|37494|54487,45,False,-0.062101,0.0756,0.3977,inseparable_lineup,False
36513,Guran,unknown,10,5,454,0.004583,41029|58960,17,False,0.002901,0.0041,0.0413,inseparable_lineup,False
36668,MarT1n,controller,3,2,454,0.020154,3547|19531|47102,57,False,-0.050659,0.053,1.7663,inseparable_lineup,False
36685,splash,duelist,24,13,454,0.003633,3049|39485|41739|55085,62,False,-0.050659,0.3235,1.348,inseparable_lineup,False
37022,who,initiator,1,0,454,-0.02107,,45,False,-0.062101,0.01,0.9971,small_sample,False
37091,peixeh,controller,23,14,8889,0.06868,33121|40859|45864,16,False,-0.053303,0.6731,2.9264,inseparable_lineup,False
37095,kwn,initiator,21,8,8889,-0.085579,32745|44309|46568,15,False,-0.0201,-0.3254,-1.5495,inseparable_lineup,False
37098,Tiezzi,duelist,20,8,8889,-0.03499,1586|23010|41225,25,False,-0.042545,0.0356,0.1781,inseparable_lineup,False
37105,Loss,duelist,13,9,8889,0.068926,,25,False,-0.042545,0.3491,2.6857,small_sample,False
37393,Luca,sentinel,3,1,424,-0.024188,4663|5476|10584|48577,0,True,,,,inseparable_lineup,False
37489,Lysoar,controller,51,28,454,0.048684,11527|22047|24308|37927,57,False,-0.050659,1.2285,2.4088,inseparable_lineup,False
37494,Kai,duelist,19,8,454,-0.045759,5011|10821|36415|54487,62,False,-0.050659,0.0227,0.1193,inseparable_lineup,False
37532,Zexy,duelist,12,2,454,-0.123365,2149|4426|34926|42733,62,False,-0.050659,-0.2017,-1.6807,inseparable_lineup,False
37704,heartless,initiator,14,4,454,-0.082741,11696,44,False,-0.058691,-0.0791,-0.5648,inseparable_lineup,False
37925,Kolosha,duelist,34,19,454,0.094845,,61,False,-0.050659,1.1986,3.5252,experimental_not_causal,False
37927,happywei,controller,51,28,454,0.048684,11527|22047|24308|37489,57,False,-0.050659,1.2285,2.4088,inseparable_lineup,False
39021,Notexxd,controller,49,28,454,0.06613,,56,False,-0.053131,1.4105,2.8786,experimental_not_causal,False
39124,Bearrett,initiator,3,0,454,-0.057267,,45,False,-0.062101,0.0034,0.1135,small_sample,False
39180,echo,controller,9,4,454,-0.051797,,57,False,-0.050659,-0.0025,-0.0279,small_sample,False
39239,payne,controller,64,36,454,0.097688,16671|41550,56,False,-0.053131,2.3206,3.6259,inseparable_lineup,False
39351,wezzy,controller,13,5,454,-0.03761,4892|50776|52965,56,False,-0.053131,0.0487,0.3744,inseparable_lineup,False
39357,s0pp,duelist,38,20,454,0.050184,5568|8369|12793|15735,62,False,-0.050659,0.9426,2.4805,inseparable_lineup,False
39485,Scales,controller,24,13,454,0.003633,3049|36685|41739|55085,57,False,-0.050659,0.3235,1.348,inseparable_lineup,False
39602,Recoil,initiator,63,27,454,-0.081832,,44,False,-0.058691,-0.3427,-0.544,experimental_not_causal,False
39682,WanZeru,duelist,19,10,454,-0.00507,3839|19526,61,False,-0.050659,0.2111,1.111,inseparable_lineup,False
39697,cb,duelist,4,0,454,-0.09913,,62,False,-0.050659,-0.0481,-1.2031,small_sample,False
40004,globeX,duelist,20,5,454,-0.101057,292|5199|15064|33731,61,False,-0.050659,-0.2227,-1.1137,inseparable_lineup,False
40591,ComeBack,sentinel,10,4,454,-0.054,,21,False,-0.050659,-0.0083,-0.0826,small_sample,False
40665,YappA,initiator,11,2,454,-0.107538,4614|12673|40667,44,False,-0.058691,-0.122,-1.1093,inseparable_lineup,False
40667,mazen,duelist,11,2,454,-0.107538,4614|12673|40665,61,False,-0.050659,-0.1422,-1.2927,inseparable_lineup,False
40668,CHADONjr,controller,4,0,454,-0.060066,,57,False,-0.050659,-0.0077,-0.1927,small_sample,False
40843,audaz,controller,23,15,454,0.085872,10160|12670|41720|49346,57,False,-0.050659,0.7536,3.2764,inseparable_lineup,False
40858,raised,duelist,18,9,8889,-0.005211,662|6195|15395|22912,25,False,-0.042545,0.158,0.8777,inseparable_lineup,False
40859,taka,sentinel,23,14,8889,0.06868,33121|37091|45864,11,False,-0.038767,0.5926,2.5766,inseparable_lineup,False
40935,lovers rock,duelist,22,8,454,-0.045247,5565|12795|24344|31305,62,False,-0.050659,0.0279,0.1268,inseparable_lineup,False
41029,Z1yan,unknown,10,5,454,0.004583,36513|58960,17,False,0.002901,0.0041,0.0413,inseparable_lineup,False
41054,GuanG,sentinel,10,2,454,-0.097662,34181|43007|45492|46460,21,False,-0.050659,-0.1097,-1.0974,inseparable_lineup,False
41135,Dantedeu5,duelist,16,9,454,0.03965,727|939|8447|11921,62,False,-0.050659,0.3549,2.2178,inseparable_lineup,False
41225,kramarick,sentinel,20,8,8889,-0.03499,1586|23010|37098,11,False,-0.023878,-0.0525,-0.2623,inseparable_lineup,False
41456,mxnor,initiator,12,5,8889,0.007293,,15,False,-0.038767,0.1275,1.0621,small_sample,False
41482,dth,controller,13,5,8889,-0.001447,,16,False,-0.053303,0.1578,1.2136,small_sample,False
41550,zaj,duelist,64,36,454,0.097688,16671|39239,61,False,-0.050659,2.2825,3.5664,inseparable_lineup,False
41694,endoist,duelist,12,8,1209,0.05219,2366|23062|41702|48516,4,True,,,,inseparable_lineup,False
41702,canady,initiator,12,8,1209,0.05219,2366|23062|41694|48516,4,True,,,,inseparable_lineup,False
41720,Favian,duelist,23,15,454,0.085872,10160|12670|40843|49346,62,False,-0.050659,0.7536,3.2764,inseparable_lineup,False
41739,slowly,controller,24,13,454,0.003633,3049|36685|39485|55085,57,False,-0.050659,0.3235,1.348,inseparable_lineup,False
41894,icie,duelist,7,1,454,-0.07158,,62,False,-0.050659,-0.0331,-0.4732,small_sample,False
42064,hieu,duelist,36,17,454,0.027645,,61,False,-0.050659,0.6616,1.8378,experimental_not_causal,False
42235,Dynamite,duelist,19,7,454,-0.063829,4720|4881|19677|47629,62,False,-0.050659,-0.0613,-0.3227,inseparable_lineup,False
42358,Darxcioo,duelist,35,18,454,0.031951,,61,False,-0.050659,0.6928,1.9794,experimental_not_causal,False
42454,sizo,sentinel,28,16,454,0.080518,29559|42651,20,False,-0.052308,0.8985,3.209,inseparable_lineup,False
42513,Dingwei,initiator,3,1,454,-0.018619,8240|14431|56305,45,False,-0.062101,0.0323,1.077,inseparable_lineup,False
42651,avey,controller,28,16,454,0.080518,29559|42454,56,False,-0.053131,0.9041,3.2289,inseparable_lineup,False
42733,XuNa,initiator,12,2,454,-0.123365,2149|4426|34926|37532,45,False,-0.062101,-0.1697,-1.4144,inseparable_lineup,False
42772,Xross,initiator,27,17,454,0.103605,488|31827|31828|31829,45,False,-0.062101,1.0839,4.0145,inseparable_lineup,False
42879,aztex,controller,17,10,8889,0.044432,32675|32801|32802|47551,16,False,-0.053303,0.4021,2.3653,inseparable_lineup,False
43007,qiutiaN,initiator,10,2,454,-0.097662,34181|41054|45492|46460,45,False,-0.062101,-0.0829,-0.8294,inseparable_lineup,False
43064,Aace,initiator,5,2,424,-0.017104,2615|4664|6700|34827,0,True,,,,inseparable_lineup,False
43125,KADIRI,duelist,9,4,1209,-0.010664,1209|5228|6659|43128,5,True,,,,inseparable_lineup,False
43128,FLOGA,controller,9,4,1209,-0.010664,1209|5228|6659|43125,5,True,,,,inseparable_lineup,False
43997,RYKER,duelist,45,18,454,-0.107803,,61,False,-0.050659,-0.6209,-1.3799,experimental_not_causal,False
44085,Booey,duelist,3,0,454,-0.059645,24232|30733|53353|63180,62,False,-0.050659,-0.0065,-0.2154,inseparable_lineup,False
44309,fish,sentinel,21,8,8889,-0.085579,32745|37095|46568,11,False,-0.0201,-0.3254,-1.5495,inseparable_lineup,False
44344,shawz,duelist,28,17,454,0.096311,,61,False,-0.050659,0.9865,3.5231,experimental_not_causal,False
44348,ducq,initiator,50,28,454,0.081804,,44,False,-0.062624,1.7637,3.5273,experimental_not_causal,False
44417,dre,controller,56,27,454,0.022062,,56,False,-0.053131,0.994,1.7751,experimental_not_causal,False
44787,RayUndaunted,controller,16,6,454,-0.010936,,56,False,-0.053131,0.1565,0.9781,small_sample,False
44838,Racoone,initiator,36,15,454,-0.026501,,44,False,-0.062624,0.3084,0.8567,experimental_not_causal,False
44842,Jackk,initiator,35,20,454,0.078391,,44,False,-0.062624,1.2019,3.4341,experimental_not_causal,False
45358,yearn,controller,17,8,454,-0.014069,,56,False,-0.053131,0.1631,0.9596,small_sample,False
45492,swagzor,duelist,10,2,454,-0.097662,34181|41054|43007|46460,62,False,-0.050659,-0.1097,-1.0974,inseparable_lineup,False
45494,Proxh,controller,17,11,454,0.021098,,56,False,-0.053131,0.293,1.7234,small_sample,False
45696,vita,duelist,42,24,454,0.148051,,61,False,-0.050659,1.989,4.7358,experimental_not_causal,False
45699,solada,duelist,51,28,454,0.060734,47982|57188,61,False,-0.050659,1.3869,2.7194,inseparable_lineup,False
45864,Bruxo,duelist,23,14,8889,0.06868,33121|37091|40859,25,False,-0.042545,0.6135,2.6675,inseparable_lineup,False
45962,KEN,sentinel,3,1,424,-0.023753,6702|10769|51100|52723,0,True,,,,inseparable_lineup,False
46011,haeyoday,duelist,25,14,454,0.081782,,61,False,-0.050659,0.8089,3.2355,experimental_not_causal,False
46040,Youze,duelist,15,8,454,0.031958,,62,False,-0.050659,0.3061,2.0405,small_sample,False
46042,Youjun,unknown,10,7,454,0.060875,7426|13768|14439|32183,17,False,0.002901,0.1404,1.404,inseparable_lineup,False
46135,Zeus,duelist,6,3,454,0.028872,,62,False,-0.050659,0.1106,1.8435,small_sample,False
46277,huphh,duelist,5,2,454,-0.048194,8405|16029|29617|48004,62,False,-0.050659,0.003,0.0595,inseparable_lineup,False
46360,foreign,controller,48,24,454,0.024785,8746|47852|47861,56,False,-0.053131,0.9038,1.8829,inseparable_lineup,False
46460,Ezeir,controller,10,2,454,-0.097662,34181|41054|43007|45492,57,False,-0.050659,-0.1097,-1.0974,inseparable_lineup,False
46463,twilight,initiator,8,4,1209,0.009509,1437|8225|48574|48575,5,True,,,,inseparable_lineup,False
46532,Satoshi,duelist,2,2,454,0.036092,58953,62,False,-0.050659,0.0405,2.0241,inseparable_lineup,False
46568,above,controller,21,8,8889,-0.085579,32745|37095|44309,16,False,-0.036878,-0.2419,-1.152,inseparable_lineup,False
46601,om3y,duelist,4,2,454,0.003416,,62,False,-0.050659,0.0539,1.3481,small_sample,False
46748,K1ra,controller,34,16,454,-0.010332,21216|25494|58959,57,False,-0.050659,0.3345,0.9839,inseparable_lineup,False
47101,5CM,duelist,2,0,454,-0.036092,6024|25949|66119|66120,62,False,-0.050659,0.0067,0.3353,inseparable_lineup,False
47102,waituu,controller,3,2,454,0.020154,3547|19531|36668,57,False,-0.050659,0.053,1.7663,inseparable_lineup,False
47481,Frxeez,sentinel,5,2,424,-0.019855,1971|2671|25048|34727,0,True,,,,inseparable_lineup,False
47523,Raz,duelist,26,9,454,-0.064195,1427|31059|57920|58522,61,False,-0.050659,-0.0825,-0.3174,inseparable_lineup,False
47551,sanoj,duelist,17,10,8889,0.044432,32675|32801|32802|42879,25,False,-0.042545,0.3578,2.1045,inseparable_lineup,False
47629,Coco,controller,19,7,454,-0.063829,4720|4881|19677|42235,57,False,-0.050659,-0.0613,-0.3227,inseparable_lineup,False
47852,Boomy,duelist,48,24,454,0.024785,8746|46360|47861,61,False,-0.050659,0.8752,1.8232,inseparable_lineup,False
47858,Leo,duelist,44,26,454,0.14237,,61,False,-0.050659,2.0717,4.7083,experimental_not_causal,False
47861,calamity,duelist,48,24,454,0.024785,8746|46360|47852,61,False,-0.050659,0.8752,1.8232,inseparable_lineup,False
47982,sorex,controller,51,28,454,0.060734,45699|57188,56,False,-0.053131,1.4177,2.7798,inseparable_lineup,False
48004,twigz,duelist,5,2,454,-0.048194,8405|16029|29617|46277,62,False,-0.050659,0.003,0.0595,inseparable_lineup,False
48017,traded,duelist,28,13,454,-0.004339,,61,False,-0.050659,0.3116,1.1128,experimental_not_causal,False
48025,alym,duelist,24,10,454,-0.012743,796|3722|5957,62,False,-0.050659,0.2135,0.8895,inseparable_lineup,False
48171,Nana,unknown,12,7,454,0.033422,48226|48227|54355|58919,17,False,0.002901,0.0899,0.7495,inseparable_lineup,False
48226,Ayu,unknown,12,7,454,0.033422,48171|48227|54355|58919,17,False,0.002901,0.0899,0.7495,inseparable_lineup,False
48227,p1katong,unknown,12,7,454,0.033422,48171|48226|54355|58919,17,False,0.002901,0.0899,0.7495,inseparable_lineup,False
48431,Kippei,controller,7,5,424,0.056864,10628|28401|29840|33576,0,True,,,,inseparable_lineup,False
48439,Rimuru,duelist,6,0,454,-0.096063,,62,False,-0.050659,-0.059,-0.9836,small_sample,False
48516,doffy,duelist,12,8,1209,0.05219,2366|23062|41694|41702,4,True,,,,inseparable_lineup,False
48574,Nia,duelist,8,4,1209,0.009509,1437|8225|46463|48575,5,True,,,,inseparable_lineup,False
48575,bucute,duelist,8,4,1209,0.009509,1437|8225|46463|48574,5,True,,,,inseparable_lineup,False
48577,gyen,sentinel,3,1,424,-0.024188,4663|5476|10584|37393,0,True,,,,inseparable_lineup,False
48592,ada,duelist,2,0,454,-0.03602,6503,62,False,-0.050659,0.0067,0.3367,inseparable_lineup,False
48705,Chaza,duelist,5,2,454,-0.010912,7231,62,False,-0.050659,0.0488,0.9759,inseparable_lineup,False
48800,strongtallguy62,duelist,20,7,454,-0.09535,,61,False,-0.050659,-0.208,-1.04,experimental_not_causal,False
48878,rushia,sentinel,13,6,454,-0.022667,4774|4885|10698|62947,21,False,-0.050659,0.0907,0.6974,inseparable_lineup,False
48964,lowz,duelist,20,5,8889,-0.140588,22914|25683,25,False,-0.03499,-0.4926,-2.4629,inseparable_lineup,False
48981,nevoy,sentinel,34,20,8889,0.062653,1581|2567|8706|25743,11,False,-0.038767,0.8348,2.4552,inseparable_lineup,False
49346,echo,sentinel,23,15,454,0.085872,10160|12670|40843|41720,21,False,-0.050659,0.7536,3.2764,inseparable_lineup,False
49476,zhe,duelist,21,9,454,-0.030915,3519|11218|12365|16924,62,False,-0.050659,0.1019,0.4851,inseparable_lineup,False
49608,enzo,controller,9,1,454,-0.121649,29691|53833,57,False,-0.050659,-0.1487,-1.6521,inseparable_lineup,False
49612,Croudy,unknown,6,3,454,0.002589,23930,18,False,0.003321,-0.0011,-0.0182,inseparable_lineup,False
49857,zanks,duelist,2,0,454,-0.050069,,62,False,-0.050659,0.0003,0.0148,small_sample,False
49973,glacier,duelist,12,2,454,-0.117509,6022|7849|14125|19292,62,False,-0.050659,-0.1832,-1.5269,inseparable_lineup,False
50025,Setrod,duelist,13,6,454,-0.024414,7857|7987|19530|55823,62,False,-0.050659,0.0851,0.6543,inseparable_lineup,False
50423,ExpMoe,controller,14,3,454,-0.155384,,56,False,-0.050525,-0.3502,-2.5016,small_sample,False
50768,spm,sentinel,11,3,8889,-0.072854,,11,False,-0.0201,-0.1357,-1.2334,small_sample,False
50770,dny,sentinel,4,0,8889,-0.080144,,12,False,-0.036878,-0.0415,-1.0378,small_sample,False
50776,influx,duelist,13,5,454,-0.03761,4892|39351|52965,61,False,-0.050659,0.0409,0.3148,inseparable_lineup,False
50813,GSR,sentinel,17,10,454,0.038445,,20,False,-0.052308,0.3762,2.2132,small_sample,False
51099,ZynX,duelist,7,2,454,-0.017415,,62,False,-0.050659,0.051,0.7282,small_sample,False
51100,Flicker,duelist,3,1,424,-0.023753,6702|10769|45962|52723,0,True,,,,inseparable_lineup,False
51238,yong,sentinel,18,11,454,0.101481,,21,False,-0.050659,0.6569,3.6495,small_sample,False
51244,Jieni7,controller,39,25,454,0.154192,,57,False,-0.050659,1.9289,4.9459,experimental_not_causal,False
51250,Ying,duelist,3,1,454,-0.020154,3020|6126|58008|58009,62,False,-0.050659,0.0228,0.7586,inseparable_lineup,False
52101,Bai,duelist,9,5,454,0.018709,,62,False,-0.050659,0.1558,1.7306,small_sample,False
52723,yutaro,sentinel,3,1,424,-0.023753,6702|10769|45962|51100,0,True,,,,inseparable_lineup,False
52965,oroni,initiator,13,5,454,-0.03761,4892|39351|50776,44,False,-0.062624,0.0784,0.6031,inseparable_lineup,False
53324,Tenkai,duelist,7,2,454,-0.048567,9698|23056|29340,62,False,-0.050659,0.0034,0.0487,inseparable_lineup,False
53353,LIAN,initiator,3,0,454,-0.059645,24232|30733|44085|63180,45,False,-0.062101,0.0018,0.0588,inseparable_lineup,False
53833,max,initiator,9,1,454,-0.121649,29691|49608,45,False,-0.062101,-0.1246,-1.3842,inseparable_lineup,False
54355,maofish,unknown,12,7,454,0.033422,48171|48226|48227|58919,17,False,0.002901,0.0899,0.7495,inseparable_lineup,False
54487,Xlele,duelist,19,8,454,-0.045759,5011|10821|36415|37494,62,False,-0.050659,0.0227,0.1193,inseparable_lineup,False
54973,Neptunee,sentinel,7,2,454,-0.047473,,21,False,-0.050659,0.0053,0.0759,small_sample,False
55038,Au1,controller,8,3,454,-0.007188,,57,False,-0.050659,0.0803,1.0037,small_sample,False
55085,Erv,duelist,24,13,454,0.003633,3049|36685|39485|41739,62,False,-0.050659,0.3235,1.348,inseparable_lineup,False
55681,kozzy,duelist,33,24,454,0.176602,2173|3674|10338,61,False,-0.050659,1.7593,5.3311,inseparable_lineup,False
55694,hezacoil,controller,41,28,454,0.148796,5564|10146|18615|58496,56,False,-0.053131,1.9511,4.7587,inseparable_lineup,False
55823,Ben1Ley,duelist,13,6,454,-0.024414,7857|7987|19530|50025,62,False,-0.050659,0.0851,0.6543,inseparable_lineup,False
56248,Ending,unknown,7,1,454,-0.081168,11705|14441|14458|58958,18,False,0.003321,-0.1392,-1.9883,inseparable_lineup,False
56259,M1ng929,unknown,4,0,454,-0.072147,63004|63005|63106,18,False,0.003321,-0.0695,-1.7381,inseparable_lineup,False
56305,Folykiki,duelist,3,1,454,-0.018619,8240|14431|42513,62,False,-0.050659,0.0238,0.7941,inseparable_lineup,False
56935,znajder,duelist,25,10,8889,-0.042545,1578|2486|5342|8896,25,False,-0.03499,-0.0451,-0.1804,inseparable_lineup,False
56936,artru,controller,7,3,8889,-0.033543,,17,False,-0.042545,0.0149,0.2132,small_sample,False
57188,tonza,duelist,51,28,454,0.060734,45699|47982,61,False,-0.050659,1.3869,2.7194,inseparable_lineup,False
57336,Jamelinho213,duelist,5,1,454,-0.054035,3127|4325|4629|7660,62,False,-0.050659,-0.0041,-0.082,inseparable_lineup,False
57920,kospa1n,duelist,26,9,454,-0.064195,1427|31059|47523|58522,61,False,-0.050659,-0.0825,-0.3174,inseparable_lineup,False
58008,Tonk,controller,3,1,454,-0.020154,3020|6126|51250|58009,57,False,-0.050659,0.0228,0.7586,inseparable_lineup,False
58009,Krst1Ng,controller,3,1,454,-0.020154,3020|6126|51250|58008,57,False,-0.050659,0.0228,0.7586,inseparable_lineup,False
58028,Rachel,unknown,4,2,454,0.001994,63006,18,False,0.003321,-0.0013,-0.0319,inseparable_lineup,False
58290,77even,duelist,7,2,454,-0.061344,126|1524|2690|15969,62,False,-0.050659,-0.0183,-0.2616,inseparable_lineup,False
58496,Kachoww,duelist,41,28,454,0.148796,5564|10146|18615|55694,61,False,-0.050659,1.9268,4.6996,inseparable_lineup,False
58522,reblyik,controller,26,9,454,-0.064195,1427|31059|47523|57920,56,False,-0.050525,-0.0833,-0.3205,inseparable_lineup,False
58919,Yunni,unknown,12,7,454,0.033422,48171|48226|48227|54355,17,False,0.002901,0.0899,0.7495,inseparable_lineup,False
58953,chenze,duelist,2,2,454,0.036092,46532,62,False,-0.050659,0.0405,2.0241,inseparable_lineup,False
58958,Yanggg,unknown,7,1,454,-0.081168,11705|14441|14458|56248,18,False,0.003321,-0.1392,-1.9883,inseparable_lineup,False
58959,iamgrq,controller,34,16,454,-0.010332,21216|25494|46748,57,False,-0.050659,0.3345,0.9839,inseparable_lineup,False
58960,nnono,unknown,10,5,454,0.004583,36513|41029,17,False,0.002901,0.0041,0.0413,inseparable_lineup,False
59166,caioziN,duelist,10,5,8889,-0.012725,,25,False,-0.042545,0.0716,0.716,small_sample,False
59287,jinwoo,duelist,6,2,454,-0.027748,,62,False,-0.050659,0.033,0.5492,small_sample,False
62402,KiTae,controller,6,2,454,-0.033016,,57,False,-0.050659,0.0256,0.4268,small_sample,False
62947,yilai,duelist,13,6,454,-0.022667,4774|4885|10698|48878,62,False,-0.050659,0.0907,0.6974,inseparable_lineup,False
63004,Ye,unknown,4,0,454,-0.072147,56259|63005|63106,18,False,0.003321,-0.0695,-1.7381,inseparable_lineup,False
63005,superbigguo,unknown,4,0,454,-0.072147,56259|63004|63106,18,False,0.003321,-0.0695,-1.7381,inseparable_lineup,False
63006,DANG5,unknown,4,2,454,0.001994,58028,18,False,0.003321,-0.0013,-0.0319,inseparable_lineup,False
63106,Apathy,unknown,4,0,454,-0.072147,56259|63004|63005,18,False,0.003321,-0.0695,-1.7381,inseparable_lineup,False
63180,wertlle,sentinel,3,0,454,-0.059645,24232|30733|44085|53353,21,False,-0.050659,-0.0065,-0.2154,inseparable_lineup,False
63493,Panda,unknown,4,4,454,0.070154,9800,18,False,0.003321,0.061,1.5253,inseparable_lineup,False
66119,X1He,sentinel,2,0,454,-0.036092,6024|25949|47101|66120,21,False,-0.050659,0.0067,0.3353,inseparable_lineup,False
66120,SG,controller,2,0,454,-0.036092,6024|25949|47101|66119,57,False,-0.050659,0.0067,0.3353,inseparable_lineup,False
